gfycat-bot-sucksdick,TRUE,,https://www.reddit.com/r/autowikibot/wiki/redditbots
gifster_bot,TRUE,,https://www.reddit.com/r/autowikibot/wiki/redditbots
gives_you_boobies,TRUE,,https://www.reddit.com/r/autowikibot/wiki/redditbots
givesafuckbot,TRUE,,https://www.reddit.com/r/autowikibot/wiki/redditbots
gocougs_bot,TRUE,,https://www.reddit.com/r/autowikibot/wiki/redditbots
godwin_finder,TRUE,,https://www.reddit.com/r/autowikibot/wiki/redditbots
golferbot,TRUE,,https://www.reddit.com/r/autowikibot/wiki/redditbots
gracefulcharitybot,TRUE,,https://www.reddit.com/r/autowikibot/wiki/redditbots
gracefulclaritybot,TRUE,,https://www.reddit.com/r/autowikibot/wiki/redditbots
gregbot,TRUE,,https://www.reddit.com/r/autowikibot/wiki/redditbots
groompbot,TRUE,,https://www.reddit.com/r/autowikibot/wiki/redditbots
gunners_gif_bot,TRUE,,https://www.reddit.com/r/autowikibot/wiki/redditbots
haiku_robot,TRUE,,https://www.reddit.com/r/autowikibot/wiki/redditbots
havoc_bot,TRUE,,https://www.reddit.com/r/autowikibot/wiki/redditbots
hearing-aid_bot,TRUE,,https://www.reddit.com/r/autowikibot/wiki/redditbots
hearing_aid_bot,TRUE,,https://www.reddit.com/r/autowikibot/wiki/redditbots
hearingaid_bot,TRUE,,https://www.reddit.com/r/autowikibot/wiki/redditbots
hit_bot,TRUE,,https://www.reddit.com/r/autowikibot/wiki/redditbots
hockey_gif_bot,TRUE,,https://www.reddit.com/r/autowikibot/wiki/redditbots
howstat,TRUE,,https://www.reddit.com/r/autowikibot/wiki/redditbots
hwsbot,TRUE,,https://www.reddit.com/r/autowikibot/wiki/redditbots
imgurHostBot,TRUE,,https://www.reddit.com/r/autowikibot/wiki/redditbots
imgur_rehosting,TRUE,,https://www.reddit.com/r/autowikibot/wiki/redditbots
imgurtranscriber,TRUE,,https://www.reddit.com/r/autowikibot/wiki/redditbots
imirror_bot,TRUE,,https://www.reddit.com/r/autowikibot/wiki/redditbots
isitupbot,TRUE,,https://www.reddit.com/r/autowikibot/wiki/redditbots
jerkbot-3hunna,TRUE,,https://www.reddit.com/r/autowikibot/wiki/redditbots
keysteal_bot,TRUE,,https://www.reddit.com/r/autowikibot/wiki/redditbots
kittehcointipbot,TRUE,,https://www.reddit.com/r/autowikibot/wiki/redditbots
last_cakeday_bot,TRUE,,https://www.reddit.com/r/autowikibot/wiki/redditbots
linkfixerbot1,TRUE,,https://www.reddit.com/r/autowikibot/wiki/redditbots
linkfixerbot2,TRUE,,https://www.reddit.com/r/autowikibot/wiki/redditbots
linkfixerbot3,TRUE,,https://www.reddit.com/r/autowikibot/wiki/redditbots
loser_detector_bot,TRUE,,https://www.reddit.com/r/autowikibot/wiki/redditbots
luckoftheshibe,TRUE,,https://www.reddit.com/r/autowikibot/wiki/redditbots
makesTextSmall,TRUE,,https://www.reddit.com/r/autowikibot/wiki/redditbots
malen-shutup-bot,TRUE,,https://www.reddit.com/r/autowikibot/wiki/redditbots
matthewrobo,TRUE,,https://www.reddit.com/r/autowikibot/wiki/redditbots
meme_transcriber,TRUE,,https://www.reddit.com/r/autowikibot/wiki/redditbots
memedad-transcriber,TRUE,,https://www.reddit.com/r/autowikibot/wiki/redditbots
misconception_fixer,TRUE,,https://www.reddit.com/r/autowikibot/wiki/redditbots
mma_gif_bot,TRUE,,https://www.reddit.com/r/autowikibot/wiki/redditbots
moderator-bot,TRUE,,https://www.reddit.com/r/autowikibot/wiki/redditbots
nba_gif_bot,TRUE,,https://www.reddit.com/r/autowikibot/wiki/redditbots
new_eden_news_bot,TRUE,,https://www.reddit.com/r/autowikibot/wiki/redditbots
nhl_gif_bot,TRUE,,https://www.reddit.com/r/autowikibot/wiki/redditbots
not_alot_bot,TRUE,,https://www.reddit.com/r/autowikibot/wiki/redditbots
notoverticalvideo,TRUE,,https://www.reddit.com/r/autowikibot/wiki/redditbots
nyantip,TRUE,,https://www.reddit.com/r/autowikibot/wiki/redditbots
okc_rating_bot,TRUE,,https://www.reddit.com/r/autowikibot/wiki/redditbots
pandatipbot,TRUE,,https://www.reddit.com/r/autowikibot/wiki/redditbots
pandatips,TRUE,,https://www.reddit.com/r/autowikibot/wiki/redditbots
potdealer,TRUE,,https://www.reddit.com/r/autowikibot/wiki/redditbots
provides-id,TRUE,,https://www.reddit.com/r/autowikibot/wiki/redditbots
qznc_bot,TRUE,,https://www.reddit.com/r/autowikibot/wiki/redditbots
rSGSpolice,TRUE,,https://www.reddit.com/r/autowikibot/wiki/redditbots
r_PictureGame,TRUE,,https://www.reddit.com/r/autowikibot/wiki/redditbots
raddit-bot,TRUE,,https://www.reddit.com/r/autowikibot/wiki/redditbots
randnumbot,TRUE,,https://www.reddit.com/r/autowikibot/wiki/redditbots
rarchives,TRUE,,https://www.reddit.com/r/autowikibot/wiki/redditbots
readsmalltextbot,TRUE,,https://www.reddit.com/r/autowikibot/wiki/redditbots
redditbots,TRUE,,https://www.reddit.com/r/autowikibot/wiki/redditbots
redditreviewbot,TRUE,,https://www.reddit.com/r/autowikibot/wiki/redditbots
redditreviewbot,TRUE,,https://www.reddit.com/r/autowikibot/wiki/redditbots
reddtipbot,TRUE,,https://www.reddit.com/r/autowikibot/wiki/redditbots
relevantxkcd-bot,TRUE,,https://www.reddit.com/r/autowikibot/wiki/redditbots
request_bot,TRUE,,https://www.reddit.com/r/autowikibot/wiki/redditbots
rhiever-bot,TRUE,,https://www.reddit.com/r/autowikibot/wiki/redditbots
rightsbot,TRUE,,https://www.reddit.com/r/autowikibot/wiki/redditbots
rnfl_robot,TRUE,,https://www.reddit.com/r/autowikibot/wiki/redditbots
roger_bot,TRUE,,https://www.reddit.com/r/autowikibot/wiki/redditbots
rss_feed,TRUE,,https://www.reddit.com/r/autowikibot/wiki/redditbots
rubycointipbot,TRUE,,https://www.reddit.com/r/autowikibot/wiki/redditbots
rule_bot,TRUE,,https://www.reddit.com/r/autowikibot/wiki/redditbots
rusetipbot,TRUE,,https://www.reddit.com/r/autowikibot/wiki/redditbots
sentimentviewbot,TRUE,,https://www.reddit.com/r/autowikibot/wiki/redditbots
serendipitybot,TRUE,,https://www.reddit.com/r/autowikibot/wiki/redditbots
shadowbanbot,TRUE,,https://www.reddit.com/r/autowikibot/wiki/redditbots
slapbot,TRUE,,https://www.reddit.com/r/autowikibot/wiki/redditbots
slickwom-bot,TRUE,,https://www.reddit.com/r/autowikibot/wiki/redditbots
snapshot_bot,TRUE,,https://www.reddit.com/r/autowikibot/wiki/redditbots
soccer_gif_bot,TRUE,,https://www.reddit.com/r/autowikibot/wiki/redditbots
softwareswap_bot,TRUE,,https://www.reddit.com/r/autowikibot/wiki/redditbots
sports_gif_bot,TRUE,,https://www.reddit.com/r/autowikibot/wiki/redditbots
spursgifs_xposterbot,TRUE,,https://www.reddit.com/r/autowikibot/wiki/redditbots
stats-bot,TRUE,,https://www.reddit.com/r/autowikibot/wiki/redditbots
steam_bot,TRUE,,https://www.reddit.com/r/autowikibot/wiki/redditbots
subtext-bot,TRUE,,https://www.reddit.com/r/autowikibot/wiki/redditbots
synonym_flash,TRUE,,https://www.reddit.com/r/autowikibot/wiki/redditbots
tabledresser,TRUE,,https://www.reddit.com/r/autowikibot/wiki/redditbots
techobot,TRUE,,https://www.reddit.com/r/autowikibot/wiki/redditbots
tennis_gif_bot,TRUE,,https://www.reddit.com/r/autowikibot/wiki/redditbots
test_bot0x00,TRUE,,https://www.reddit.com/r/autowikibot/wiki/redditbots
tipmoonbot1,TRUE,,https://www.reddit.com/r/autowikibot/wiki/redditbots
tipmoonbot2,TRUE,,https://www.reddit.com/r/autowikibot/wiki/redditbots
tittietipbot,TRUE,,https://www.reddit.com/r/autowikibot/wiki/redditbots
topcoin_tip,TRUE,,https://www.reddit.com/r/autowikibot/wiki/redditbots
topredditbot,TRUE,,https://www.reddit.com/r/autowikibot/wiki/redditbots
totes_meta_bot,TRUE,,https://www.reddit.com/r/autowikibot/wiki/redditbots
ttumblrbots,TRUE,,https://www.reddit.com/r/autowikibot/wiki/redditbots
unitconvert,TRUE,,https://www.reddit.com/r/autowikibot/wiki/redditbots
valkyribot,TRUE,,https://www.reddit.com/r/autowikibot/wiki/redditbots
versebot,TRUE,,https://www.reddit.com/r/autowikibot/wiki/redditbots
vertcoinbot,TRUE,,https://www.reddit.com/r/autowikibot/wiki/redditbots
vertcointipbot,TRUE,,https://www.reddit.com/r/autowikibot/wiki/redditbots
wheres_the_karma_bot,TRUE,,https://www.reddit.com/r/autowikibot/wiki/redditbots
wooshbot,TRUE,,https://www.reddit.com/r/autowikibot/wiki/redditbots
xkcd_bot,TRUE,,https://www.reddit.com/r/autowikibot/wiki/redditbots
xkcd_number_bot,TRUE,,https://www.reddit.com/r/autowikibot/wiki/redditbots
xkcd_number_bot,TRUE,,https://www.reddit.com/r/autowikibot/wiki/redditbots
xkcd_number_bot,TRUE,,https://www.reddit.com/r/autowikibot/wiki/redditbots
xkcd_transcriber,TRUE,,https://www.reddit.com/r/autowikibot/wiki/redditbots
xkcdcomic_bot,TRUE,,https://www.reddit.com/r/autowikibot/wiki/redditbots
yes_it_is_weird,TRUE,,https://www.reddit.com/r/autowikibot/wiki/redditbots
yourebot,TRUE,,https://www.reddit.com/r/autowikibot/wiki/redditbots
BlackToLive,,TRUE,https://www.reddit.com/wiki/suspiciousaccounts
FaurnFlamebreaker,,TRUE,https://www.reddit.com/wiki/suspiciousaccounts
bill_jonson,,TRUE,https://www.reddit.com/wiki/suspiciousaccounts
PurebringerOghmagra,,TRUE,https://www.reddit.com/wiki/suspiciousaccounts
clawisma,,TRUE,https://www.reddit.com/wiki/suspiciousaccounts
jake_browny,,TRUE,https://www.reddit.com/wiki/suspiciousaccounts
Georgie_Felix,,TRUE,https://www.reddit.com/wiki/suspiciousaccounts
george_BENTLEY,,TRUE,https://www.reddit.com/wiki/suspiciousaccounts
rico_penya,,TRUE,https://www.reddit.com/wiki/suspiciousaccounts
Leprechaun_yura,,TRUE,https://www.reddit.com/wiki/suspiciousaccounts
Admiraf,,TRUE,https://www.reddit.com/wiki/suspiciousaccounts
lgbtunited,,TRUE,https://www.reddit.com/wiki/suspiciousaccounts
20twony,,TRUE,https://www.reddit.com/wiki/suspiciousaccounts
momaskin,,TRUE,https://www.reddit.com/wiki/suspiciousaccounts
FelhafymDugrel,,TRUE,https://www.reddit.com/wiki/suspiciousaccounts
DoriraKam,,TRUE,https://www.reddit.com/wiki/suspiciousaccounts
DalaghmaMajurus,,TRUE,https://www.reddit.com/wiki/suspiciousaccounts
IfiacelMoogutaxe,,TRUE,https://www.reddit.com/wiki/suspiciousaccounts
AragelvBlackkiller,,TRUE,https://www.reddit.com/wiki/suspiciousaccounts
SsoncenModifyn,,TRUE,https://www.reddit.com/wiki/suspiciousaccounts
KulagdaMneriel,,TRUE,https://www.reddit.com/wiki/suspiciousaccounts
BloodbearerBusius,,TRUE,https://www.reddit.com/wiki/suspiciousaccounts
SteeldefenderZululm,,TRUE,https://www.reddit.com/wiki/suspiciousaccounts
TaushakarGrantrius,,TRUE,https://www.reddit.com/wiki/suspiciousaccounts
FlameweaverTokazahn,,TRUE,https://www.reddit.com/wiki/suspiciousaccounts
MunirusDrelalas,,TRUE,https://www.reddit.com/wiki/suspiciousaccounts
JoJosarBlacksong,,TRUE,https://www.reddit.com/wiki/suspiciousaccounts
ZulkilkreeMazucage,,TRUE,https://www.reddit.com/wiki/suspiciousaccounts
RexcliffVushura,,TRUE,https://www.reddit.com/wiki/suspiciousaccounts
KizragoreMajin,,TRUE,https://www.reddit.com/wiki/suspiciousaccounts
MograMarn,,TRUE,https://www.reddit.com/wiki/suspiciousaccounts
RedseekerMami,,TRUE,https://www.reddit.com/wiki/suspiciousaccounts
StardwellerFordrezi,,TRUE,https://www.reddit.com/wiki/suspiciousaccounts
PaineyeDaron,,TRUE,https://www.reddit.com/wiki/suspiciousaccounts
RexscarNalmekelv,,TRUE,https://www.reddit.com/wiki/suspiciousaccounts
SaberstalkerTygorr,,TRUE,https://www.reddit.com/wiki/suspiciousaccounts
GhoginnModilbine,,TRUE,https://www.reddit.com/wiki/suspiciousaccounts
BeariArashura,,TRUE,https://www.reddit.com/wiki/suspiciousaccounts
ZalarGroshakar,,TRUE,https://www.reddit.com/wiki/suspiciousaccounts
DaktilarMarirus,,TRUE,https://www.reddit.com/wiki/suspiciousaccounts
GhozarIannn,,TRUE,https://www.reddit.com/wiki/suspiciousaccounts
AdofynMorakus,,TRUE,https://www.reddit.com/wiki/suspiciousaccounts
FelorielBalladolore,,TRUE,https://www.reddit.com/wiki/suspiciousaccounts
SaimathJurisar,,TRUE,https://www.reddit.com/wiki/suspiciousaccounts
ZulkizragoreLairdan,,TRUE,https://www.reddit.com/wiki/suspiciousaccounts
BrargasYggndis,,TRUE,https://www.reddit.com/wiki/suspiciousaccounts
FordreninDalas,,TRUE,https://www.reddit.com/wiki/suspiciousaccounts
GavidiKenrad,,TRUE,https://www.reddit.com/wiki/suspiciousaccounts
NikojindDalarad,,TRUE,https://www.reddit.com/wiki/suspiciousaccounts
SharpgroveMagal,,TRUE,https://www.reddit.com/wiki/suspiciousaccounts
AkinotilarGardana,,TRUE,https://www.reddit.com/wiki/suspiciousaccounts
ShadowhammerFelozan,,TRUE,https://www.reddit.com/wiki/suspiciousaccounts
FelorgasAlsagelv,,TRUE,https://www.reddit.com/wiki/suspiciousaccounts
ArashillCererana,,TRUE,https://www.reddit.com/wiki/suspiciousaccounts
YozshulkisNighthamm,,TRUE,https://www.reddit.com/wiki/suspiciousaccounts
FelothisRagegrove,,TRUE,https://www.reddit.com/wiki/suspiciousaccounts
KigagrelMightrunner,,TRUE,https://www.reddit.com/wiki/suspiciousaccounts
BalbineSnowbourne,,TRUE,https://www.reddit.com/wiki/suspiciousaccounts
HugilmeenaBurinrad,,TRUE,https://www.reddit.com/wiki/suspiciousaccounts
BagraBludwood,,TRUE,https://www.reddit.com/wiki/suspiciousaccounts
TetaurDizragore,,TRUE,https://www.reddit.com/wiki/suspiciousaccounts
KazshuraDoommaster,,TRUE,https://www.reddit.com/wiki/suspiciousaccounts
KularimGaviril,,TRUE,https://www.reddit.com/wiki/suspiciousaccounts
TaulabarMumi,,TRUE,https://www.reddit.com/wiki/suspiciousaccounts
NilkisZargas,,TRUE,https://www.reddit.com/wiki/suspiciousaccounts
DoukasaZahelm,,TRUE,https://www.reddit.com/wiki/suspiciousaccounts
BalladoranaBalhala,,TRUE,https://www.reddit.com/wiki/suspiciousaccounts
IshnntriusBufym,,TRUE,https://www.reddit.com/wiki/suspiciousaccounts
ManadorSternfont,,TRUE,https://www.reddit.com/wiki/suspiciousaccounts
SaithrisShakajas,,TRUE,https://www.reddit.com/wiki/suspiciousaccounts
ArarisarStarbinder,,TRUE,https://www.reddit.com/wiki/suspiciousaccounts
MakazahnFelodwyn,,TRUE,https://www.reddit.com/wiki/suspiciousaccounts
KulaNegore,,TRUE,https://www.reddit.com/wiki/suspiciousaccounts
ShalirgasFetaur,,TRUE,https://www.reddit.com/wiki/suspiciousaccounts
PeghmaGoldenfist,,TRUE,https://www.reddit.com/wiki/suspiciousaccounts
DawnravenFenritaur,,TRUE,https://www.reddit.com/wiki/suspiciousaccounts
HugirisBoth,,TRUE,https://www.reddit.com/wiki/suspiciousaccounts
DilarNitius,,TRUE,https://www.reddit.com/wiki/suspiciousaccounts
NelrajasAndromardre,,TRUE,https://www.reddit.com/wiki/suspiciousaccounts
DoukusGujar,,TRUE,https://www.reddit.com/wiki/suspiciousaccounts
TaushuraJujind,,TRUE,https://www.reddit.com/wiki/suspiciousaccounts
MavehelmMightblade,,TRUE,https://www.reddit.com/wiki/suspiciousaccounts
TanrisVijinn,,TRUE,https://www.reddit.com/wiki/suspiciousaccounts
MolarZulugar,,TRUE,https://www.reddit.com/wiki/suspiciousaccounts
KajizragoreJojurus,,TRUE,https://www.reddit.com/wiki/suspiciousaccounts
KulariTezshura,,TRUE,https://www.reddit.com/wiki/suspiciousaccounts
MorlurusShagelv,,TRUE,https://www.reddit.com/wiki/suspiciousaccounts
GaranBurithris,,TRUE,https://www.reddit.com/wiki/suspiciousaccounts
JurgKagashakar,,TRUE,https://www.reddit.com/wiki/suspiciousaccounts
MalarilZolorn,,TRUE,https://www.reddit.com/wiki/suspiciousaccounts
KenisLightwing,,TRUE,https://www.reddit.com/wiki/suspiciousaccounts
DokelvCentrillador,,TRUE,https://www.reddit.com/wiki/suspiciousaccounts
VolkisDulmaran,,TRUE,https://www.reddit.com/wiki/suspiciousaccounts
ThobandisGavinaya,,TRUE,https://www.reddit.com/wiki/suspiciousaccounts
GonosShak,,TRUE,https://www.reddit.com/wiki/suspiciousaccounts
ModidredAnanadar,,TRUE,https://www.reddit.com/wiki/suspiciousaccounts
RainwormKigak,,TRUE,https://www.reddit.com/wiki/suspiciousaccounts
DoukSaris,,TRUE,https://www.reddit.com/wiki/suspiciousaccounts
ThorisPerintrius,,TRUE,https://www.reddit.com/wiki/suspiciousaccounts
MazukazahnFlamebrin,,TRUE,https://www.reddit.com/wiki/suspiciousaccounts
AdriesidaVolmaran,,TRUE,https://www.reddit.com/wiki/suspiciousaccounts
ThotiusBalis,,TRUE,https://www.reddit.com/wiki/suspiciousaccounts
KigashoBlackmoon,,TRUE,https://www.reddit.com/wiki/suspiciousaccounts
YorgAndrozan,,TRUE,https://www.reddit.com/wiki/suspiciousaccounts
AndromalladorAnayan,,TRUE,https://www.reddit.com/wiki/suspiciousaccounts
MorardanaForad,,TRUE,https://www.reddit.com/wiki/suspiciousaccounts
GrojoraAxebinder,,TRUE,https://www.reddit.com/wiki/suspiciousaccounts
RunebringerSaberdra,,TRUE,https://www.reddit.com/wiki/suspiciousaccounts
GavirusBurus,,TRUE,https://www.reddit.com/wiki/suspiciousaccounts
GavizelMazumi,,TRUE,https://www.reddit.com/wiki/suspiciousaccounts
MajinnSpellgrove,,TRUE,https://www.reddit.com/wiki/suspiciousaccounts
RaindwellerKasho,,TRUE,https://www.reddit.com/wiki/suspiciousaccounts
NafymAriugelv,,TRUE,https://www.reddit.com/wiki/suspiciousaccounts
ShalilisDaill,,TRUE,https://www.reddit.com/wiki/suspiciousaccounts
vadro,,TRUE,https://www.reddit.com/wiki/suspiciousaccounts
jay_cook,,TRUE,https://www.reddit.com/wiki/suspiciousaccounts
eblun,,TRUE,https://www.reddit.com/wiki/suspiciousaccounts
marshallwayneee,,TRUE,https://www.reddit.com/wiki/suspiciousaccounts
thomas_baxter,,TRUE,https://www.reddit.com/wiki/suspiciousaccounts
chrisrockyou,,TRUE,https://www.reddit.com/wiki/suspiciousaccounts
tomwiek,,TRUE,https://www.reddit.com/wiki/suspiciousaccounts
IndianaLewis666,,TRUE,https://www.reddit.com/wiki/suspiciousaccounts
peterpenpeter,,TRUE,https://www.reddit.com/wiki/suspiciousaccounts
AllanMcPherson2,,TRUE,https://www.reddit.com/wiki/suspiciousaccounts
GeraldineKnapp,,TRUE,https://www.reddit.com/wiki/suspiciousaccounts
coolpau,,TRUE,https://www.reddit.com/wiki/suspiciousaccounts
RichardPhilbrick,,TRUE,https://www.reddit.com/wiki/suspiciousaccounts
MichelleBerends,,TRUE,https://www.reddit.com/wiki/suspiciousaccounts
m_peltier,,TRUE,https://www.reddit.com/wiki/suspiciousaccounts
hymynameisharold,,TRUE,https://www.reddit.com/wiki/suspiciousaccounts
chillypepperchilly,,TRUE,https://www.reddit.com/wiki/suspiciousaccounts
marcus_jones,,TRUE,https://www.reddit.com/wiki/suspiciousaccounts
lisa_kelley,,TRUE,https://www.reddit.com/wiki/suspiciousaccounts
lipstickred,,TRUE,https://www.reddit.com/wiki/suspiciousaccounts
sasanbasan,,TRUE,https://www.reddit.com/wiki/suspiciousaccounts
sunshinesunny,,TRUE,https://www.reddit.com/wiki/suspiciousaccounts
RichardShannon,,TRUE,https://www.reddit.com/wiki/suspiciousaccounts
nu3goxyu,,TRUE,https://www.reddit.com/wiki/suspiciousaccounts
TaraLynnRussel,,TRUE,https://www.reddit.com/wiki/suspiciousaccounts
YnellieryFezilkree,,TRUE,https://www.reddit.com/wiki/suspiciousaccounts
MeztimGavijurus,,TRUE,https://www.reddit.com/wiki/suspiciousaccounts
DathrisKelabar,,TRUE,https://www.reddit.com/wiki/suspiciousaccounts
MeztikusVusar,,TRUE,https://www.reddit.com/wiki/suspiciousaccounts
DoularZulkijas,,TRUE,https://www.reddit.com/wiki/suspiciousaccounts
KariusToshura,,TRUE,https://www.reddit.com/wiki/suspiciousaccounts
KaziraSirardin,,TRUE,https://www.reddit.com/wiki/suspiciousaccounts
DarimTatilar,,TRUE,https://www.reddit.com/wiki/suspiciousaccounts
FelordanaAkinojinn,,TRUE,https://www.reddit.com/wiki/suspiciousaccounts
KazitaurTruemane,,TRUE,https://www.reddit.com/wiki/suspiciousaccounts
BlackforgeKazikazah,,TRUE,https://www.reddit.com/wiki/suspiciousaccounts
AdorahuginnKele,,TRUE,https://www.reddit.com/wiki/suspiciousaccounts
BallariusAgamantriu,,TRUE,https://www.reddit.com/wiki/suspiciousaccounts
AdorakelvFelolis,,TRUE,https://www.reddit.com/wiki/suspiciousaccounts
GholbinradCentrilsa,,TRUE,https://www.reddit.com/wiki/suspiciousaccounts
KazilCentrilhala,,TRUE,https://www.reddit.com/wiki/suspiciousaccounts
DurnAdrierdana,,TRUE,https://www.reddit.com/wiki/suspiciousaccounts
FrostmoonVur,,TRUE,https://www.reddit.com/wiki/suspiciousaccounts
LandaathDalbine,,TRUE,https://www.reddit.com/wiki/suspiciousaccounts
TygraswynBloodblade,,TRUE,https://www.reddit.com/wiki/suspiciousaccounts
TruthwindDawnhunter,,TRUE,https://www.reddit.com/wiki/suspiciousaccounts
CordalenKeralsa,,TRUE,https://www.reddit.com/wiki/suspiciousaccounts
FenriranWhiteeye,,TRUE,https://www.reddit.com/wiki/suspiciousaccounts
MarinaraMolis,,TRUE,https://www.reddit.com/wiki/suspiciousaccounts
FaucageDoomsmith,,TRUE,https://www.reddit.com/wiki/suspiciousaccounts
MalakusShagore,,TRUE,https://www.reddit.com/wiki/suspiciousaccounts
DagdagrinnThordin,,TRUE,https://www.reddit.com/wiki/suspiciousaccounts
MezizilkreeRunewind,,TRUE,https://www.reddit.com/wiki/suspiciousaccounts
SaithilarOghmarus,,TRUE,https://www.reddit.com/wiki/suspiciousaccounts
MoramarVorr,,TRUE,https://www.reddit.com/wiki/suspiciousaccounts
AralmaranGajinn,,TRUE,https://www.reddit.com/wiki/suspiciousaccounts
ShajarDalardred,,TRUE,https://www.reddit.com/wiki/suspiciousaccounts
BranayaKeletius,,TRUE,https://www.reddit.com/wiki/suspiciousaccounts
BuMolhala,,TRUE,https://www.reddit.com/wiki/suspiciousaccounts
SaithiniusManakus,,TRUE,https://www.reddit.com/wiki/suspiciousaccounts
ThunderbringerKagre,,TRUE,https://www.reddit.com/wiki/suspiciousaccounts
AratGavith,,TRUE,https://www.reddit.com/wiki/suspiciousaccounts
RedhammerVusho,,TRUE,https://www.reddit.com/wiki/suspiciousaccounts
FernRunecaster,,TRUE,https://www.reddit.com/wiki/suspiciousaccounts
DofymZumuro,,TRUE,https://www.reddit.com/wiki/suspiciousaccounts
DirehammerDoomworm,,TRUE,https://www.reddit.com/wiki/suspiciousaccounts
BuzarusNathris,,TRUE,https://www.reddit.com/wiki/suspiciousaccounts
DagdalarDoulrajas,,TRUE,https://www.reddit.com/wiki/suspiciousaccounts
BeazedredLaighma,,TRUE,https://www.reddit.com/wiki/suspiciousaccounts
ShalrajasMightbring,,TRUE,https://www.reddit.com/wiki/suspiciousaccounts
BuzaradAna,,TRUE,https://www.reddit.com/wiki/suspiciousaccounts
TaularLightkiller,,TRUE,https://www.reddit.com/wiki/suspiciousaccounts
FenrisMnegrinn,,TRUE,https://www.reddit.com/wiki/suspiciousaccounts
HellbearerIshn,,TRUE,https://www.reddit.com/wiki/suspiciousaccounts
NajasMecage,,TRUE,https://www.reddit.com/wiki/suspiciousaccounts
DokasaDoushakar,,TRUE,https://www.reddit.com/wiki/suspiciousaccounts
BalaceDait,,TRUE,https://www.reddit.com/wiki/suspiciousaccounts
AnararanaModith,,TRUE,https://www.reddit.com/wiki/suspiciousaccounts
DougoreDaghma,,TRUE,https://www.reddit.com/wiki/suspiciousaccounts
GholbiziusGramand,,TRUE,https://www.reddit.com/wiki/suspiciousaccounts
CenradNuarad,,TRUE,https://www.reddit.com/wiki/suspiciousaccounts
MubandisAxeweaver,,TRUE,https://www.reddit.com/wiki/suspiciousaccounts
BuriathFelordred,,TRUE,https://www.reddit.com/wiki/suspiciousaccounts
GholisMazumi,,TRUE,https://www.reddit.com/wiki/suspiciousaccounts
FearlessbrewGazrago,,TRUE,https://www.reddit.com/wiki/suspiciousaccounts
DawnsongMalador,,TRUE,https://www.reddit.com/wiki/suspiciousaccounts
DagdalenShaligra,,TRUE,https://www.reddit.com/wiki/suspiciousaccounts
TygolkreeTygorn,,TRUE,https://www.reddit.com/wiki/suspiciousaccounts
BlackstalkerZulkisi,,TRUE,https://www.reddit.com/wiki/suspiciousaccounts
GorgMoogukus,,TRUE,https://www.reddit.com/wiki/suspiciousaccounts
MorlugdaMugore,,TRUE,https://www.reddit.com/wiki/suspiciousaccounts
KagalkisArigar,,TRUE,https://www.reddit.com/wiki/suspiciousaccounts
CemeenaShaswyn,,TRUE,https://www.reddit.com/wiki/suspiciousaccounts
ZujarDalara,,TRUE,https://www.reddit.com/wiki/suspiciousaccounts
OpiwieldKirr,,TRUE,https://www.reddit.com/wiki/suspiciousaccounts
AdriekusFlameworker,,TRUE,https://www.reddit.com/wiki/suspiciousaccounts
TholoreMorlurgas,,TRUE,https://www.reddit.com/wiki/suspiciousaccounts
ModiborThorgalis,,TRUE,https://www.reddit.com/wiki/suspiciousaccounts
KazrajoraMofyn,,TRUE,https://www.reddit.com/wiki/suspiciousaccounts
VujoraNightworker,,TRUE,https://www.reddit.com/wiki/suspiciousaccounts
MalogamandGrarne,,TRUE,https://www.reddit.com/wiki/suspiciousaccounts
WrathshadeButh,,TRUE,https://www.reddit.com/wiki/suspiciousaccounts
ZulkibeiTruefire,,TRUE,https://www.reddit.com/wiki/suspiciousaccounts
DaitIshnth,,TRUE,https://www.reddit.com/wiki/suspiciousaccounts
LasiusNalmeswyn,,TRUE,https://www.reddit.com/wiki/suspiciousaccounts
NagelvConjugar,,TRUE,https://www.reddit.com/wiki/suspiciousaccounts
KajimShadoweye,,TRUE,https://www.reddit.com/wiki/suspiciousaccounts
JoJotTygramand,,TRUE,https://www.reddit.com/wiki/suspiciousaccounts
UmlasMekus,,TRUE,https://www.reddit.com/wiki/suspiciousaccounts
IanradKisho,,TRUE,https://www.reddit.com/wiki/suspiciousaccounts
KanosDoulrajas,,TRUE,https://www.reddit.com/wiki/suspiciousaccounts
TaujinnStonewind,,TRUE,https://www.reddit.com/wiki/suspiciousaccounts
DozuruSteelbringer,,TRUE,https://www.reddit.com/wiki/suspiciousaccounts
KathribandisZa,,TRUE,https://www.reddit.com/wiki/suspiciousaccounts
ThunderbringerKajin,,TRUE,https://www.reddit.com/wiki/suspiciousaccounts
MoonshadeGavifyn,,TRUE,https://www.reddit.com/wiki/suspiciousaccounts
GranithisKirizar,,TRUE,https://www.reddit.com/wiki/suspiciousaccounts
TetAndromalak,,TRUE,https://www.reddit.com/wiki/suspiciousaccounts
PerilasBlackflame,,TRUE,https://www.reddit.com/wiki/suspiciousaccounts
BroadshaperNualar,,TRUE,https://www.reddit.com/wiki/suspiciousaccounts
FordrenisBloodstaff,,TRUE,https://www.reddit.com/wiki/suspiciousaccounts
CentrilvKashura,,TRUE,https://www.reddit.com/wiki/suspiciousaccounts
RockravenShaktilmar,,TRUE,https://www.reddit.com/wiki/suspiciousaccounts
ColasDushura,,TRUE,https://www.reddit.com/wiki/suspiciousaccounts
MunilsaNilanin,,TRUE,https://www.reddit.com/wiki/suspiciousaccounts
DianatiusFaern,,TRUE,https://www.reddit.com/wiki/suspiciousaccounts
GoshuraAdrienn,,TRUE,https://www.reddit.com/wiki/suspiciousaccounts
FenrilmaranMarin,,TRUE,https://www.reddit.com/wiki/suspiciousaccounts
TygrargasShadowstaf,,TRUE,https://www.reddit.com/wiki/suspiciousaccounts
CedredKirimath,,TRUE,https://www.reddit.com/wiki/suspiciousaccounts
ZaDacage,,TRUE,https://www.reddit.com/wiki/suspiciousaccounts
GravelbeardUmdar,,TRUE,https://www.reddit.com/wiki/suspiciousaccounts
DutBlackshaper,,TRUE,https://www.reddit.com/wiki/suspiciousaccounts
DuraKiririm,,TRUE,https://www.reddit.com/wiki/suspiciousaccounts
NikolabarMezticage,,TRUE,https://www.reddit.com/wiki/suspiciousaccounts
FordregdaNualis,,TRUE,https://www.reddit.com/wiki/suspiciousaccounts
FordremeenaModred,,TRUE,https://www.reddit.com/wiki/suspiciousaccounts
TaulrajasHugifyn,,TRUE,https://www.reddit.com/wiki/suspiciousaccounts
FelhazarVim,,TRUE,https://www.reddit.com/wiki/suspiciousaccounts
KathridarSaigar,,TRUE,https://www.reddit.com/wiki/suspiciousaccounts
BeazedredHunin,,TRUE,https://www.reddit.com/wiki/suspiciousaccounts
GuzuruKarin,,TRUE,https://www.reddit.com/wiki/suspiciousaccounts
KatiusNalmeginn,,TRUE,https://www.reddit.com/wiki/suspiciousaccounts
FomandAndroath,,TRUE,https://www.reddit.com/wiki/suspiciousaccounts
KazikazahnShakalkis,,TRUE,https://www.reddit.com/wiki/suspiciousaccounts
MavegrinnOghmagar,,TRUE,https://www.reddit.com/wiki/suspiciousaccounts
YozshurnDousar,,TRUE,https://www.reddit.com/wiki/suspiciousaccounts
MalanimSashakar,,TRUE,https://www.reddit.com/wiki/suspiciousaccounts
KazilkreeGavidi,,TRUE,https://www.reddit.com/wiki/suspiciousaccounts
ThetatiusTojatilar,,TRUE,https://www.reddit.com/wiki/suspiciousaccounts
AndrothrisAkile,,TRUE,https://www.reddit.com/wiki/suspiciousaccounts
ZulkilmaranFearless,,TRUE,https://www.reddit.com/wiki/suspiciousaccounts
AnayarnDusar,,TRUE,https://www.reddit.com/wiki/suspiciousaccounts
AuziusPebor,,TRUE,https://www.reddit.com/wiki/suspiciousaccounts
LighthammerAdora,,TRUE,https://www.reddit.com/wiki/suspiciousaccounts
OghmarielMorarne,,TRUE,https://www.reddit.com/wiki/suspiciousaccounts
KeralvMalarin,,TRUE,https://www.reddit.com/wiki/suspiciousaccounts
BeazekusGavilmeena,,TRUE,https://www.reddit.com/wiki/suspiciousaccounts
KekoraFejar,,TRUE,https://www.reddit.com/wiki/suspiciousaccounts
FaeshuraDirehammer,,TRUE,https://www.reddit.com/wiki/suspiciousaccounts
FoBeazezar,,TRUE,https://www.reddit.com/wiki/suspiciousaccounts
KaborBearis,,TRUE,https://www.reddit.com/wiki/suspiciousaccounts
GarisarCentri,,TRUE,https://www.reddit.com/wiki/suspiciousaccounts
BanrisShagal,,TRUE,https://www.reddit.com/wiki/suspiciousaccounts
ZulkizuruMauzahn,,TRUE,https://www.reddit.com/wiki/suspiciousaccounts
DelameenaDailar,,TRUE,https://www.reddit.com/wiki/suspiciousaccounts
CordaradKeraswyn,,TRUE,https://www.reddit.com/wiki/suspiciousaccounts
MenrisLainn,,TRUE,https://www.reddit.com/wiki/suspiciousaccounts
KejindGolabar,,TRUE,https://www.reddit.com/wiki/suspiciousaccounts
MalakusGobei,,TRUE,https://www.reddit.com/wiki/suspiciousaccounts
WhispermaneGakinos,,TRUE,https://www.reddit.com/wiki/suspiciousaccounts
ToktilarJular,,TRUE,https://www.reddit.com/wiki/suspiciousaccounts
ShaathRedweaver,,TRUE,https://www.reddit.com/wiki/suspiciousaccounts
GullMalazuru,,TRUE,https://www.reddit.com/wiki/suspiciousaccounts
TygozilkreeDandis,,TRUE,https://www.reddit.com/wiki/suspiciousaccounts
SamuhnCelen,,TRUE,https://www.reddit.com/wiki/suspiciousaccounts
BraathGhondis,,TRUE,https://www.reddit.com/wiki/suspiciousaccounts
DarkshaperWhiteblad,,TRUE,https://www.reddit.com/wiki/suspiciousaccounts
DozahnBlacksmasher,,TRUE,https://www.reddit.com/wiki/suspiciousaccounts
MalarnBuginn,,TRUE,https://www.reddit.com/wiki/suspiciousaccounts
NuadagasMudor,,TRUE,https://www.reddit.com/wiki/suspiciousaccounts
FeloraShadowbringer,,TRUE,https://www.reddit.com/wiki/suspiciousaccounts
MaloathFordrethis,,TRUE,https://www.reddit.com/wiki/suspiciousaccounts
BandidarKagaramar,,TRUE,https://www.reddit.com/wiki/suspiciousaccounts
GoltigoreArashishak,,TRUE,https://www.reddit.com/wiki/suspiciousaccounts
FolasMogrel,,TRUE,https://www.reddit.com/wiki/suspiciousaccounts
GamiBalladolune,,TRUE,https://www.reddit.com/wiki/suspiciousaccounts
AurilakSaijurus,,TRUE,https://www.reddit.com/wiki/suspiciousaccounts
DainosAndromaswyn,,TRUE,https://www.reddit.com/wiki/suspiciousaccounts
BlackstaffCordazar,,TRUE,https://www.reddit.com/wiki/suspiciousaccounts
NikinosTygranius,,TRUE,https://www.reddit.com/wiki/suspiciousaccounts
NiramarSaithithis,,TRUE,https://www.reddit.com/wiki/suspiciousaccounts
GriborSasho,,TRUE,https://www.reddit.com/wiki/suspiciousaccounts
MiranadarAnardana,,TRUE,https://www.reddit.com/wiki/suspiciousaccounts
UmluneYolar,,TRUE,https://www.reddit.com/wiki/suspiciousaccounts
VozilkreeStonebreak,,TRUE,https://www.reddit.com/wiki/suspiciousaccounts
MagedwellerMaloriel,,TRUE,https://www.reddit.com/wiki/suspiciousaccounts
BusidaHuginadar,,TRUE,https://www.reddit.com/wiki/suspiciousaccounts
DugisSabermaster,,TRUE,https://www.reddit.com/wiki/suspiciousaccounts
BuVoodoogul,,TRUE,https://www.reddit.com/wiki/suspiciousaccounts
AgathrisRockweaver,,TRUE,https://www.reddit.com/wiki/suspiciousaccounts
DuzshuraMorlurn,,TRUE,https://www.reddit.com/wiki/suspiciousaccounts
StarsmithPurefang,,TRUE,https://www.reddit.com/wiki/suspiciousaccounts
PezarMadal,,TRUE,https://www.reddit.com/wiki/suspiciousaccounts
GholbisiusAdrieginn,,TRUE,https://www.reddit.com/wiki/suspiciousaccounts
PerilasMawield,,TRUE,https://www.reddit.com/wiki/suspiciousaccounts
NaraWhitehunter,,TRUE,https://www.reddit.com/wiki/suspiciousaccounts
PeridwynSaithilis,,TRUE,https://www.reddit.com/wiki/suspiciousaccounts
FauraBugas,,TRUE,https://www.reddit.com/wiki/suspiciousaccounts
AnayaronAdorarin,,TRUE,https://www.reddit.com/wiki/suspiciousaccounts
MekreeKeswyn,,TRUE,https://www.reddit.com/wiki/suspiciousaccounts
BlackraySinshaper,,TRUE,https://www.reddit.com/wiki/suspiciousaccounts
DabeiSharpdefender,,TRUE,https://www.reddit.com/wiki/suspiciousaccounts
GoldskinKelmaran,,TRUE,https://www.reddit.com/wiki/suspiciousaccounts
KajihnGavinn,,TRUE,https://www.reddit.com/wiki/suspiciousaccounts
SindwellerKerarne,,TRUE,https://www.reddit.com/wiki/suspiciousaccounts
AgafynFefym,,TRUE,https://www.reddit.com/wiki/suspiciousaccounts
BallariFelorus,,TRUE,https://www.reddit.com/wiki/suspiciousaccounts
MoranShadowdragon,,TRUE,https://www.reddit.com/wiki/suspiciousaccounts
DalasMorlubandis,,TRUE,https://www.reddit.com/wiki/suspiciousaccounts
RunebourneMavetus,,TRUE,https://www.reddit.com/wiki/suspiciousaccounts
JothisMokus,,TRUE,https://www.reddit.com/wiki/suspiciousaccounts
MezilrajasRainconju,,TRUE,https://www.reddit.com/wiki/suspiciousaccounts
DawnfistKirirdana,,TRUE,https://www.reddit.com/wiki/suspiciousaccounts
JutAkinolar,,TRUE,https://www.reddit.com/wiki/suspiciousaccounts
MakinosMazugis,,TRUE,https://www.reddit.com/wiki/suspiciousaccounts
DoginnSirarim,,TRUE,https://www.reddit.com/wiki/suspiciousaccounts
NalkreeKadwyn,,TRUE,https://www.reddit.com/wiki/suspiciousaccounts
LajurusOghmagamand,,TRUE,https://www.reddit.com/wiki/suspiciousaccounts
BearadGakus,,TRUE,https://www.reddit.com/wiki/suspiciousaccounts
PerilisMezisida,,TRUE,https://www.reddit.com/wiki/suspiciousaccounts
FordrehuginnNilarga,,TRUE,https://www.reddit.com/wiki/suspiciousaccounts
GoltirrNuadaswyn,,TRUE,https://www.reddit.com/wiki/suspiciousaccounts
SaberwoodMikakazahn,,TRUE,https://www.reddit.com/wiki/suspiciousaccounts
TernCoidar,,TRUE,https://www.reddit.com/wiki/suspiciousaccounts
IanrisFordrebor,,TRUE,https://www.reddit.com/wiki/suspiciousaccounts
KelePerdin,,TRUE,https://www.reddit.com/wiki/suspiciousaccounts
BallargasFenribar,,TRUE,https://www.reddit.com/wiki/suspiciousaccounts
ArijurusRunesmasher,,TRUE,https://www.reddit.com/wiki/suspiciousaccounts
SaitiusGrilen,,TRUE,https://www.reddit.com/wiki/suspiciousaccounts
BurilNuadadred,,TRUE,https://www.reddit.com/wiki/suspiciousaccounts
MoogumuroGalrajas,,TRUE,https://www.reddit.com/wiki/suspiciousaccounts
NalmeathFordreril,,TRUE,https://www.reddit.com/wiki/suspiciousaccounts
SaithihelmDathris,,TRUE,https://www.reddit.com/wiki/suspiciousaccounts
DoomseekerDakelv,,TRUE,https://www.reddit.com/wiki/suspiciousaccounts
MoogukoraDugore,,TRUE,https://www.reddit.com/wiki/suspiciousaccounts
BuzathisWhitebrew,,TRUE,https://www.reddit.com/wiki/suspiciousaccounts
NiNizahn,,TRUE,https://www.reddit.com/wiki/suspiciousaccounts
OpindisCordafyn,,TRUE,https://www.reddit.com/wiki/suspiciousaccounts
MutaxeDorinrad,,TRUE,https://www.reddit.com/wiki/suspiciousaccounts
MalatiusJokus,,TRUE,https://www.reddit.com/wiki/suspiciousaccounts
MalmaranBurilbine,,TRUE,https://www.reddit.com/wiki/suspiciousaccounts
NaziusTujora,,TRUE,https://www.reddit.com/wiki/suspiciousaccounts
ShalilsaVor,,TRUE,https://www.reddit.com/wiki/suspiciousaccounts
CererneGardasar,,TRUE,https://www.reddit.com/wiki/suspiciousaccounts
AriloreKesida,,TRUE,https://www.reddit.com/wiki/suspiciousaccounts
ConjularAdolore,,TRUE,https://www.reddit.com/wiki/suspiciousaccounts
TaukoraBrakus,,TRUE,https://www.reddit.com/wiki/suspiciousaccounts
ThordanaLaigelv,,TRUE,https://www.reddit.com/wiki/suspiciousaccounts
MavergasTholak,,TRUE,https://www.reddit.com/wiki/suspiciousaccounts
SardredWhiteblade,,TRUE,https://www.reddit.com/wiki/suspiciousaccounts
SiramandThordirgas,,TRUE,https://www.reddit.com/wiki/suspiciousaccounts
NalisShaktimi,,TRUE,https://www.reddit.com/wiki/suspiciousaccounts
KazraktilarBluebear,,TRUE,https://www.reddit.com/wiki/suspiciousaccounts
ShaktisidaMoogum,,TRUE,https://www.reddit.com/wiki/suspiciousaccounts
SteelbrewGavirad,,TRUE,https://www.reddit.com/wiki/suspiciousaccounts
MolarMavellador,,TRUE,https://www.reddit.com/wiki/suspiciousaccounts
AriginnKerin,,TRUE,https://www.reddit.com/wiki/suspiciousaccounts
GranadarPenrad,,TRUE,https://www.reddit.com/wiki/suspiciousaccounts
BuzalisFern,,TRUE,https://www.reddit.com/wiki/suspiciousaccounts
DofymArcaneredeemer,,TRUE,https://www.reddit.com/wiki/suspiciousaccounts
PezanArigrinn,,TRUE,https://www.reddit.com/wiki/suspiciousaccounts
NuadagarKelenadar,,TRUE,https://www.reddit.com/wiki/suspiciousaccounts
KigashicageTegas,,TRUE,https://www.reddit.com/wiki/suspiciousaccounts
ThunderwalkerAurida,,TRUE,https://www.reddit.com/wiki/suspiciousaccounts
SanadarDagdara,,TRUE,https://www.reddit.com/wiki/suspiciousaccounts
ShalirusDoomcliff,,TRUE,https://www.reddit.com/wiki/suspiciousaccounts
AuririBeagrinn,,TRUE,https://www.reddit.com/wiki/suspiciousaccounts
BuzagasVinris,,TRUE,https://www.reddit.com/wiki/suspiciousaccounts
AdoswynShakam,,TRUE,https://www.reddit.com/wiki/suspiciousaccounts
YotilarMaramar,,TRUE,https://www.reddit.com/wiki/suspiciousaccounts
SamukazahnThunderfu,,TRUE,https://www.reddit.com/wiki/suspiciousaccounts
AkinorgWhisperforge,,TRUE,https://www.reddit.com/wiki/suspiciousaccounts
GraveleyeGardana,,TRUE,https://www.reddit.com/wiki/suspiciousaccounts
BakTygralore,,TRUE,https://www.reddit.com/wiki/suspiciousaccounts
ShalimathKekelv,,TRUE,https://www.reddit.com/wiki/suspiciousaccounts
KajoraDelalas,,TRUE,https://www.reddit.com/wiki/suspiciousaccounts
KejindMoogucage,,TRUE,https://www.reddit.com/wiki/suspiciousaccounts
ArashiraMirantrius,,TRUE,https://www.reddit.com/wiki/suspiciousaccounts
ThordibandisCentrin,,TRUE,https://www.reddit.com/wiki/suspiciousaccounts
IronhammerGholbithr,,TRUE,https://www.reddit.com/wiki/suspiciousaccounts
BoathDoushakar,,TRUE,https://www.reddit.com/wiki/suspiciousaccounts
DianarneFelhandis,,TRUE,https://www.reddit.com/wiki/suspiciousaccounts
DianafymMeztira,,TRUE,https://www.reddit.com/wiki/suspiciousaccounts
UmgraDoomcaster,,TRUE,https://www.reddit.com/wiki/suspiciousaccounts
GralladorTojall,,TRUE,https://www.reddit.com/wiki/suspiciousaccounts
SinbinderMezikasa,,TRUE,https://www.reddit.com/wiki/suspiciousaccounts
ThunderbreakerTuram,,TRUE,https://www.reddit.com/wiki/suspiciousaccounts
IshnnayaKendis,,TRUE,https://www.reddit.com/wiki/suspiciousaccounts
MorinBandikelv,,TRUE,https://www.reddit.com/wiki/suspiciousaccounts
ZurFergas,,TRUE,https://www.reddit.com/wiki/suspiciousaccounts
BragulBuzagda,,TRUE,https://www.reddit.com/wiki/suspiciousaccounts
ManarinDorizar,,TRUE,https://www.reddit.com/wiki/suspiciousaccounts
NarrTauzuru,,TRUE,https://www.reddit.com/wiki/suspiciousaccounts
TygotDorifyn,,TRUE,https://www.reddit.com/wiki/suspiciousaccounts
MadiIanlace,,TRUE,https://www.reddit.com/wiki/suspiciousaccounts
BuzariusCowield,,TRUE,https://www.reddit.com/wiki/suspiciousaccounts
BeazarStoneflame,,TRUE,https://www.reddit.com/wiki/suspiciousaccounts
WhitebrewOghmalore,,TRUE,https://www.reddit.com/wiki/suspiciousaccounts
MarinradMorlundis,,TRUE,https://www.reddit.com/wiki/suspiciousaccounts
DalsaGholbilis,,TRUE,https://www.reddit.com/wiki/suspiciousaccounts
ShalinadarForcegrov,,TRUE,https://www.reddit.com/wiki/suspiciousaccounts
MagulZolodal,,TRUE,https://www.reddit.com/wiki/suspiciousaccounts
JuzshuraDusho,,TRUE,https://www.reddit.com/wiki/suspiciousaccounts
AnagasAdorann,,TRUE,https://www.reddit.com/wiki/suspiciousaccounts
SatiusKathrilar,,TRUE,https://www.reddit.com/wiki/suspiciousaccounts
MolabarThetalis,,TRUE,https://www.reddit.com/wiki/suspiciousaccounts
KeleginnGa,,TRUE,https://www.reddit.com/wiki/suspiciousaccounts
MenosMerg,,TRUE,https://www.reddit.com/wiki/suspiciousaccounts
MaurisarKiri,,TRUE,https://www.reddit.com/wiki/suspiciousaccounts
IanniusFaurr,,TRUE,https://www.reddit.com/wiki/suspiciousaccounts
KelelarArindis,,TRUE,https://www.reddit.com/wiki/suspiciousaccounts
MebeiManadwyn,,TRUE,https://www.reddit.com/wiki/suspiciousaccounts
BlackbreakerDalalsa,,TRUE,https://www.reddit.com/wiki/suspiciousaccounts
BaloreDarne,,TRUE,https://www.reddit.com/wiki/suspiciousaccounts
NakazahnDogul,,TRUE,https://www.reddit.com/wiki/suspiciousaccounts
BurikusVogar,,TRUE,https://www.reddit.com/wiki/suspiciousaccounts
DogarSaithigamand,,TRUE,https://www.reddit.com/wiki/suspiciousaccounts
TruesingerYggbandis,,TRUE,https://www.reddit.com/wiki/suspiciousaccounts
GoltijinPurepick,,TRUE,https://www.reddit.com/wiki/suspiciousaccounts
DoridorMalanrad,,TRUE,https://www.reddit.com/wiki/suspiciousaccounts
VishoSardred,,TRUE,https://www.reddit.com/wiki/suspiciousaccounts
BlackfangSinbeard,,TRUE,https://www.reddit.com/wiki/suspiciousaccounts
GujarBuzarius,,TRUE,https://www.reddit.com/wiki/suspiciousaccounts
BalabarTruesinger,,TRUE,https://www.reddit.com/wiki/suspiciousaccounts
BroadsongKegar,,TRUE,https://www.reddit.com/wiki/suspiciousaccounts
SamularMavelas,,TRUE,https://www.reddit.com/wiki/suspiciousaccounts
AnayawynIansida,,TRUE,https://www.reddit.com/wiki/suspiciousaccounts
YozshulkreeKathriwi,,TRUE,https://www.reddit.com/wiki/suspiciousaccounts
DiananradKula,,TRUE,https://www.reddit.com/wiki/suspiciousaccounts
ButhrisNecage,,TRUE,https://www.reddit.com/wiki/suspiciousaccounts
GrosarGhollador,,TRUE,https://www.reddit.com/wiki/suspiciousaccounts
DirehammerTojajin,,TRUE,https://www.reddit.com/wiki/suspiciousaccounts
GranradAgazar,,TRUE,https://www.reddit.com/wiki/suspiciousaccounts
ZagelvKirilmeena,,TRUE,https://www.reddit.com/wiki/suspiciousaccounts
MebarConjulhala,,TRUE,https://www.reddit.com/wiki/suspiciousaccounts
DadredGawield,,TRUE,https://www.reddit.com/wiki/suspiciousaccounts
ThohuginnDianardred,,TRUE,https://www.reddit.com/wiki/suspiciousaccounts
BluerayAkinorn,,TRUE,https://www.reddit.com/wiki/suspiciousaccounts
NirdinKazrall,,TRUE,https://www.reddit.com/wiki/suspiciousaccounts
KulanadarMazubar,,TRUE,https://www.reddit.com/wiki/suspiciousaccounts
NightravenJoJotilar,,TRUE,https://www.reddit.com/wiki/suspiciousaccounts
GutilarBlackraven,,TRUE,https://www.reddit.com/wiki/suspiciousaccounts
GhosiusAraswyn,,TRUE,https://www.reddit.com/wiki/suspiciousaccounts
NitFothris,,TRUE,https://www.reddit.com/wiki/suspiciousaccounts
MirandisStoneblade,,TRUE,https://www.reddit.com/wiki/suspiciousaccounts
FrostdragonTukus,,TRUE,https://www.reddit.com/wiki/suspiciousaccounts
FlamebringerRockdwe,,TRUE,https://www.reddit.com/wiki/suspiciousaccounts
GaluneManis,,TRUE,https://www.reddit.com/wiki/suspiciousaccounts
ModinadarKamuro,,TRUE,https://www.reddit.com/wiki/suspiciousaccounts
KigaleLaidred,,TRUE,https://www.reddit.com/wiki/suspiciousaccounts
KigajoraTruemaster,,TRUE,https://www.reddit.com/wiki/suspiciousaccounts
KedarGavirne,,TRUE,https://www.reddit.com/wiki/suspiciousaccounts
PeriBeamath,,TRUE,https://www.reddit.com/wiki/suspiciousaccounts
WindscarThetarim,,TRUE,https://www.reddit.com/wiki/suspiciousaccounts
MalazelHellwarden,,TRUE,https://www.reddit.com/wiki/suspiciousaccounts
FlamesmasherMalordr,,TRUE,https://www.reddit.com/wiki/suspiciousaccounts
ThunderconjurorDark,,TRUE,https://www.reddit.com/wiki/suspiciousaccounts
DaranBlueworker,,TRUE,https://www.reddit.com/wiki/suspiciousaccounts
KerameenaShalimath,,TRUE,https://www.reddit.com/wiki/suspiciousaccounts
AnarardredStonebran,,TRUE,https://www.reddit.com/wiki/suspiciousaccounts
FrostshadeMozil,,TRUE,https://www.reddit.com/wiki/suspiciousaccounts
ArashirAgarin,,TRUE,https://www.reddit.com/wiki/suspiciousaccounts
ThorgalarKalar,,TRUE,https://www.reddit.com/wiki/suspiciousaccounts
KargBeazeswyn,,TRUE,https://www.reddit.com/wiki/suspiciousaccounts
OghmalarDoomray,,TRUE,https://www.reddit.com/wiki/suspiciousaccounts
ThontriusMaulkis,,TRUE,https://www.reddit.com/wiki/suspiciousaccounts
GornSham,,TRUE,https://www.reddit.com/wiki/suspiciousaccounts
NikomuroCeris,,TRUE,https://www.reddit.com/wiki/suspiciousaccounts
IronwormGrirdana,,TRUE,https://www.reddit.com/wiki/suspiciousaccounts
VojinThordithis,,TRUE,https://www.reddit.com/wiki/suspiciousaccounts
GamathTura,,TRUE,https://www.reddit.com/wiki/suspiciousaccounts
SpellhunterGaktilar,,TRUE,https://www.reddit.com/wiki/suspiciousaccounts
MneborFlamemaster,,TRUE,https://www.reddit.com/wiki/suspiciousaccounts
SilverdefenderNuada,,TRUE,https://www.reddit.com/wiki/suspiciousaccounts
MalasarCordanius,,TRUE,https://www.reddit.com/wiki/suspiciousaccounts
AndromaziusShakalar,,TRUE,https://www.reddit.com/wiki/suspiciousaccounts
YggwieldKagakree,,TRUE,https://www.reddit.com/wiki/suspiciousaccounts
YozshusidaMujora,,TRUE,https://www.reddit.com/wiki/suspiciousaccounts
MuthYole,,TRUE,https://www.reddit.com/wiki/suspiciousaccounts
KagazuruMarin,,TRUE,https://www.reddit.com/wiki/suspiciousaccounts
JumuroFlameweaver,,TRUE,https://www.reddit.com/wiki/suspiciousaccounts
MajindSirahuginn,,TRUE,https://www.reddit.com/wiki/suspiciousaccounts
HuginnShantrius,,TRUE,https://www.reddit.com/wiki/suspiciousaccounts
NightbreakerCefym,,TRUE,https://www.reddit.com/wiki/suspiciousaccounts
IroneyeManagar,,TRUE,https://www.reddit.com/wiki/suspiciousaccounts
NikokazahnSpellston,,TRUE,https://www.reddit.com/wiki/suspiciousaccounts
DarkbreakerBeazenar,,TRUE,https://www.reddit.com/wiki/suspiciousaccounts
RagescarTejin,,TRUE,https://www.reddit.com/wiki/suspiciousaccounts
StarredeemerFlamebr,,TRUE,https://www.reddit.com/wiki/suspiciousaccounts
AuriborSternworker,,TRUE,https://www.reddit.com/wiki/suspiciousaccounts
ConjuDrelatius,,TRUE,https://www.reddit.com/wiki/suspiciousaccounts
DagdalisStoneweaver,,TRUE,https://www.reddit.com/wiki/suspiciousaccounts
MoonwardenAdrierdin,,TRUE,https://www.reddit.com/wiki/suspiciousaccounts
KigagorZujin,,TRUE,https://www.reddit.com/wiki/suspiciousaccounts
DailarKezshura,,TRUE,https://www.reddit.com/wiki/suspiciousaccounts
DianatusSharpcliff,,TRUE,https://www.reddit.com/wiki/suspiciousaccounts
SaberwardenBabandis,,TRUE,https://www.reddit.com/wiki/suspiciousaccounts
BalladothisBragami,,TRUE,https://www.reddit.com/wiki/suspiciousaccounts
KillTygoll,,TRUE,https://www.reddit.com/wiki/suspiciousaccounts
MaveghmaSamurg,,TRUE,https://www.reddit.com/wiki/suspiciousaccounts
MosidaBlacksinger,,TRUE,https://www.reddit.com/wiki/suspiciousaccounts
BagraMolar,,TRUE,https://www.reddit.com/wiki/suspiciousaccounts
TegrelKajilkree,,TRUE,https://www.reddit.com/wiki/suspiciousaccounts
KillThowield,,TRUE,https://www.reddit.com/wiki/suspiciousaccounts
AdorariusBrightflam,,TRUE,https://www.reddit.com/wiki/suspiciousaccounts
SwordfistBraktilar,,TRUE,https://www.reddit.com/wiki/suspiciousaccounts
KaziktilarYokus,,TRUE,https://www.reddit.com/wiki/suspiciousaccounts
MirnSairne,,TRUE,https://www.reddit.com/wiki/suspiciousaccounts
MaririelNila,,TRUE,https://www.reddit.com/wiki/suspiciousaccounts
KeramarKemand,,TRUE,https://www.reddit.com/wiki/suspiciousaccounts
ArashigrelVudolmara,,TRUE,https://www.reddit.com/wiki/suspiciousaccounts
LamathConjurdin,,TRUE,https://www.reddit.com/wiki/suspiciousaccounts
GozshuraTagrel,,TRUE,https://www.reddit.com/wiki/suspiciousaccounts
MuzilDoritius,,TRUE,https://www.reddit.com/wiki/suspiciousaccounts
CewieldGranius,,TRUE,https://www.reddit.com/wiki/suspiciousaccounts
CordaKat,,TRUE,https://www.reddit.com/wiki/suspiciousaccounts
MoshicageCentrirdre,,TRUE,https://www.reddit.com/wiki/suspiciousaccounts
TauzragoreAndrolune,,TRUE,https://www.reddit.com/wiki/suspiciousaccounts
AndromajurusDianage,,TRUE,https://www.reddit.com/wiki/suspiciousaccounts
FlamebinderFelhadre,,TRUE,https://www.reddit.com/wiki/suspiciousaccounts
GoldenwoodAnayawiel,,TRUE,https://www.reddit.com/wiki/suspiciousaccounts
PainforgeKigagis,,TRUE,https://www.reddit.com/wiki/suspiciousaccounts
DoutaxeDijora,,TRUE,https://www.reddit.com/wiki/suspiciousaccounts
FelhardredLandabor,,TRUE,https://www.reddit.com/wiki/suspiciousaccounts
KagataxeDala,,TRUE,https://www.reddit.com/wiki/suspiciousaccounts
OpintriusMalador,,TRUE,https://www.reddit.com/wiki/suspiciousaccounts
GoltirnAdrie,,TRUE,https://www.reddit.com/wiki/suspiciousaccounts
GraniziusAndromaghm,,TRUE,https://www.reddit.com/wiki/suspiciousaccounts
VuzilHuwyn,,TRUE,https://www.reddit.com/wiki/suspiciousaccounts
MunirielDawnsmith,,TRUE,https://www.reddit.com/wiki/suspiciousaccounts
MadiTor,,TRUE,https://www.reddit.com/wiki/suspiciousaccounts
MashuraManalmeena,,TRUE,https://www.reddit.com/wiki/suspiciousaccounts
KakelvGror,,TRUE,https://www.reddit.com/wiki/suspiciousaccounts
DarisFelar,,TRUE,https://www.reddit.com/wiki/suspiciousaccounts
TetaurTashura,,TRUE,https://www.reddit.com/wiki/suspiciousaccounts
BroadbrandStoneweav,,TRUE,https://www.reddit.com/wiki/suspiciousaccounts
KirnGavinrasida,,TRUE,https://www.reddit.com/wiki/suspiciousaccounts
ArisidaFaekasa,,TRUE,https://www.reddit.com/wiki/suspiciousaccounts
BlackwardenVudozil,,TRUE,https://www.reddit.com/wiki/suspiciousaccounts
AurinisNuadardred,,TRUE,https://www.reddit.com/wiki/suspiciousaccounts
GardalmaranMelkis,,TRUE,https://www.reddit.com/wiki/suspiciousaccounts
AdoralanimBlackpick,,TRUE,https://www.reddit.com/wiki/suspiciousaccounts
KazratBeazenn,,TRUE,https://www.reddit.com/wiki/suspiciousaccounts
TygralasModidred,,TRUE,https://www.reddit.com/wiki/suspiciousaccounts
BuriAnage,,TRUE,https://www.reddit.com/wiki/suspiciousaccounts
MoogugorAkinotaxe,,TRUE,https://www.reddit.com/wiki/suspiciousaccounts
GriraAgabor,,TRUE,https://www.reddit.com/wiki/suspiciousaccounts
NiladredMajar,,TRUE,https://www.reddit.com/wiki/suspiciousaccounts
GrinayaMunilanim,,TRUE,https://www.reddit.com/wiki/suspiciousaccounts
BumeenaJulrajas,,TRUE,https://www.reddit.com/wiki/suspiciousaccounts
MumiMikagis,,TRUE,https://www.reddit.com/wiki/suspiciousaccounts
BeazegdaAgaril,,TRUE,https://www.reddit.com/wiki/suspiciousaccounts
BloodshadeMoonweave,,TRUE,https://www.reddit.com/wiki/suspiciousaccounts
JusarCoginn,,TRUE,https://www.reddit.com/wiki/suspiciousaccounts
MetilarMavenadar,,TRUE,https://www.reddit.com/wiki/suspiciousaccounts
DogisVogrel,,TRUE,https://www.reddit.com/wiki/suspiciousaccounts
NightwindLagar,,TRUE,https://www.reddit.com/wiki/suspiciousaccounts
KazragoreMale,,TRUE,https://www.reddit.com/wiki/suspiciousaccounts
AnaraninMagar,,TRUE,https://www.reddit.com/wiki/suspiciousaccounts
DagdaranaAkilmaran,,TRUE,https://www.reddit.com/wiki/suspiciousaccounts
ShakalrajasTholsa,,TRUE,https://www.reddit.com/wiki/suspiciousaccounts
WhitebringerTewyn,,TRUE,https://www.reddit.com/wiki/suspiciousaccounts
KagazshuraDoulrajas,,TRUE,https://www.reddit.com/wiki/suspiciousaccounts
KagorJuhn,,TRUE,https://www.reddit.com/wiki/suspiciousaccounts
AuridredDarad,,TRUE,https://www.reddit.com/wiki/suspiciousaccounts
VisarColace,,TRUE,https://www.reddit.com/wiki/suspiciousaccounts
RainsongTojarn,,TRUE,https://www.reddit.com/wiki/suspiciousaccounts
SteelfontKeleris,,TRUE,https://www.reddit.com/wiki/suspiciousaccounts
ZukazahnAurifym,,TRUE,https://www.reddit.com/wiki/suspiciousaccounts
LandadorJoJora,,TRUE,https://www.reddit.com/wiki/suspiciousaccounts
StonewoodCoirus,,TRUE,https://www.reddit.com/wiki/suspiciousaccounts
SiralhalaYojin,,TRUE,https://www.reddit.com/wiki/suspiciousaccounts
SinweaverMordred,,TRUE,https://www.reddit.com/wiki/suspiciousaccounts
AurigeAnarin,,TRUE,https://www.reddit.com/wiki/suspiciousaccounts
KiriTygramath,,TRUE,https://www.reddit.com/wiki/suspiciousaccounts
ArajinTaukazahn,,TRUE,https://www.reddit.com/wiki/suspiciousaccounts
MalarAdosius,,TRUE,https://www.reddit.com/wiki/suspiciousaccounts
ShaktilkisTumuro,,TRUE,https://www.reddit.com/wiki/suspiciousaccounts
YorgConjunara,,TRUE,https://www.reddit.com/wiki/suspiciousaccounts
JoJolarKathrimand,,TRUE,https://www.reddit.com/wiki/suspiciousaccounts
paulgrapes,,TRUE,https://www.reddit.com/wiki/suspiciousaccounts
rapitangnyy,,TRUE,https://www.reddit.com/wiki/suspiciousaccounts
artautumn,,TRUE,https://www.reddit.com/wiki/suspiciousaccounts
dipperhummer,,TRUE,https://www.reddit.com/wiki/suspiciousaccounts
Ten_GOP,,TRUE,https://www.reddit.com/wiki/suspiciousaccounts
ny_black_protest,,TRUE,https://www.reddit.com/wiki/suspiciousaccounts
andy1235,,TRUE,https://www.reddit.com/wiki/suspiciousaccounts
magaing4trump,,TRUE,https://www.reddit.com/wiki/suspiciousaccounts
gogomrbrown,,TRUE,https://www.reddit.com/wiki/suspiciousaccounts
MatEvidence,,TRUE,https://www.reddit.com/wiki/suspiciousaccounts
lilstoner,,TRUE,https://www.reddit.com/wiki/suspiciousaccounts
jenn_abrams,,TRUE,https://www.reddit.com/wiki/suspiciousaccounts
leecory,,TRUE,https://www.reddit.com/wiki/suspiciousaccounts
georgeschultz,,TRUE,https://www.reddit.com/wiki/suspiciousaccounts
KularimGaviril,,TRUE,https://www.reddit.com/wiki/suspiciousaccounts
miajones005,,TRUE,https://www.reddit.com/wiki/suspiciousaccounts
rblackie,,TRUE,https://www.reddit.com/wiki/suspiciousaccounts
hollymolly2015,,TRUE,https://www.reddit.com/wiki/suspiciousaccounts
lydia_rodarte-quayle,,TRUE,https://www.reddit.com/wiki/suspiciousaccounts
Motlalepule,,TRUE,https://www.reddit.com/wiki/suspiciousaccounts
Motlalent,,TRUE,https://www.reddit.com/wiki/suspiciousaccounts
Bugemlon,,TRUE,https://www.reddit.com/wiki/suspiciousaccounts
Amohelang,,TRUE,https://www.reddit.com/wiki/suspiciousaccounts
Eliot_Aiden,,TRUE,https://www.reddit.com/wiki/suspiciousaccounts
Tyrone_Marion,,TRUE,https://www.reddit.com/wiki/suspiciousaccounts
Jaden_Corey,,TRUE,https://www.reddit.com/wiki/suspiciousaccounts
Aiden_Chuck,,TRUE,https://www.reddit.com/wiki/suspiciousaccounts
Tristen_Sadler,,TRUE,https://www.reddit.com/wiki/suspiciousaccounts
LorrySn,,TRUE,https://www.reddit.com/wiki/suspiciousaccounts
deren777,,TRUE,https://www.reddit.com/wiki/suspiciousaccounts
sarah_sanchez,,TRUE,https://www.reddit.com/wiki/suspiciousaccounts
julesbrandy,,TRUE,https://www.reddit.com/wiki/suspiciousaccounts
HelenaFreiy,,TRUE,https://www.reddit.com/wiki/suspiciousaccounts
smarteagles,,TRUE,https://www.reddit.com/wiki/suspiciousaccounts
geoffreych,,TRUE,https://www.reddit.com/wiki/suspiciousaccounts
MarkHudson89,,TRUE,https://www.reddit.com/wiki/suspiciousaccounts
FuUNCake,,TRUE,https://www.reddit.com/wiki/suspiciousaccounts
tebepizdec,,TRUE,https://www.reddit.com/wiki/suspiciousaccounts
rebekahbennet,,TRUE,https://www.reddit.com/wiki/suspiciousaccounts
hcaner,,TRUE,https://www.reddit.com/wiki/suspiciousaccounts
bilberrypie,,TRUE,https://www.reddit.com/wiki/suspiciousaccounts
vsbeats,,TRUE,https://www.reddit.com/wiki/suspiciousaccounts
fergensonk,,TRUE,https://www.reddit.com/wiki/suspiciousaccounts
illlolyourtexass,,TRUE,https://www.reddit.com/wiki/suspiciousaccounts
astridrooo,,TRUE,https://www.reddit.com/wiki/suspiciousaccounts
lunacyfreak,,TRUE,https://www.reddit.com/wiki/suspiciousaccounts
cre-ker,,TRUE,https://www.reddit.com/wiki/suspiciousaccounts
valyaspb,,TRUE,https://www.reddit.com/wiki/suspiciousaccounts
joewellbenson,,TRUE,https://www.reddit.com/wiki/suspiciousaccounts
ivanlox255,,TRUE,https://www.reddit.com/wiki/suspiciousaccounts
huyolzovatel,,TRUE,https://www.reddit.com/wiki/suspiciousaccounts
pizdectest,,TRUE,https://www.reddit.com/wiki/suspiciousaccounts
kozloshlyap,,TRUE,https://www.reddit.com/wiki/suspiciousaccounts
picnicshirt,,TRUE,https://www.reddit.com/wiki/suspiciousaccounts
issastunna,,TRUE,https://www.reddit.com/wiki/suspiciousaccounts
stendupp,,TRUE,https://www.reddit.com/wiki/suspiciousaccounts
stenlies,,TRUE,https://www.reddit.com/wiki/suspiciousaccounts
failkate,,TRUE,https://www.reddit.com/wiki/suspiciousaccounts
smoliangirl,,TRUE,https://www.reddit.com/wiki/suspiciousaccounts
mironon,,TRUE,https://www.reddit.com/wiki/suspiciousaccounts
traceyjohnson,,TRUE,https://www.reddit.com/wiki/suspiciousaccounts
stephenbag,,TRUE,https://www.reddit.com/wiki/suspiciousaccounts
bennylewis,,TRUE,https://www.reddit.com/wiki/suspiciousaccounts
susanpeterson,,TRUE,https://www.reddit.com/wiki/suspiciousaccounts
madpood,,TRUE,https://www.reddit.com/wiki/suspiciousaccounts
amazingbodilyfluids,,TRUE,https://www.reddit.com/wiki/suspiciousaccounts
qkempek,,TRUE,https://www.reddit.com/wiki/suspiciousaccounts
sandlerwow,,TRUE,https://www.reddit.com/wiki/suspiciousaccounts
BleepThePolice,,TRUE,https://www.reddit.com/wiki/suspiciousaccounts
merlinperegrin,,TRUE,https://www.reddit.com/wiki/suspiciousaccounts
Albert_Baldwin,,TRUE,https://www.reddit.com/wiki/suspiciousaccounts
Tayler_Cletis,,TRUE,https://www.reddit.com/wiki/suspiciousaccounts
vsrruslan,,TRUE,https://www.reddit.com/wiki/suspiciousaccounts
ser005,,TRUE,https://www.reddit.com/wiki/suspiciousaccounts
YggkelvZurn,,TRUE,https://www.reddit.com/wiki/suspiciousaccounts
KazishuraTerne,,TRUE,https://www.reddit.com/wiki/suspiciousaccounts
baconlover8,,TRUE,https://www.reddit.com/wiki/suspiciousaccounts
SouthLoneStar,,TRUE,https://www.reddit.com/wiki/suspiciousaccounts
Lepolesa,,TRUE,https://www.reddit.com/wiki/suspiciousaccounts
moluleloa,,TRUE,https://www.reddit.com/wiki/suspiciousaccounts
YggwynZulkigul,,TRUE,https://www.reddit.com/wiki/suspiciousaccounts
vsruslan,,TRUE,https://www.reddit.com/wiki/suspiciousaccounts
Kutloisiso,,TRUE,https://www.reddit.com/wiki/suspiciousaccounts
Hararnir,,TRUE,https://www.reddit.com/wiki/suspiciousaccounts
georgepharell,,TRUE,https://www.reddit.com/wiki/suspiciousaccounts
kuabrush,,TRUE,https://www.reddit.com/wiki/suspiciousaccounts
mikeehrmantraut55,,TRUE,https://www.reddit.com/wiki/suspiciousaccounts
salamanca_tuco,,TRUE,https://www.reddit.com/wiki/suspiciousaccounts
WileandraMalhala,,TRUE,https://www.reddit.com/wiki/suspiciousaccounts
RobbKR,,TRUE,https://www.reddit.com/wiki/suspiciousaccounts
ThorgalenGozil,,TRUE,https://www.reddit.com/wiki/suspiciousaccounts
wolfen01,,TRUE,https://www.reddit.com/wiki/suspiciousaccounts
jessepinkman1984,,TRUE,https://www.reddit.com/wiki/suspiciousaccounts
letlotlow,,TRUE,https://www.reddit.com/wiki/suspiciousaccounts
solodoto666,,TRUE,https://www.reddit.com/wiki/suspiciousaccounts
saulgoodman1978,,TRUE,https://www.reddit.com/wiki/suspiciousaccounts
Mamigon,,TRUE,https://www.reddit.com/wiki/suspiciousaccounts
TakeMyEnerGG,,TRUE,https://www.reddit.com/wiki/suspiciousaccounts
ZuluraGolar,,TRUE,https://www.reddit.com/wiki/suspiciousaccounts
anime_stan,,TRUE,https://www.reddit.com/wiki/suspiciousaccounts
khotsofalan,,TRUE,https://www.reddit.com/wiki/suspiciousaccounts
Ezra_Jimmie,,TRUE,https://www.reddit.com/wiki/suspiciousaccounts
QuenceynnTejora,,TRUE,https://www.reddit.com/wiki/suspiciousaccounts
IronhammerConjukelv,,TRUE,https://www.reddit.com/wiki/suspiciousaccounts
trollsofficial,,TRUE,https://www.reddit.com/wiki/suspiciousaccounts
fring-gus,,TRUE,https://www.reddit.com/wiki/suspiciousaccounts
truckshark,,TRUE,https://www.reddit.com/wiki/suspiciousaccounts
FezilGavinn,,TRUE,https://www.reddit.com/wiki/suspiciousaccounts
AdoraronDoomworker,,TRUE,https://www.reddit.com/wiki/suspiciousaccounts
ZolosidaSpellsinger,,TRUE,https://www.reddit.com/wiki/suspiciousaccounts
KahuginnCerenadar,,TRUE,https://www.reddit.com/wiki/suspiciousaccounts
YokouJJ,,TRUE,https://www.reddit.com/wiki/suspiciousaccounts
VuranThordilore,,TRUE,https://www.reddit.com/wiki/suspiciousaccounts
Brenden_Kevyn,,TRUE,https://www.reddit.com/wiki/suspiciousaccounts
LandageKador,,TRUE,https://www.reddit.com/wiki/suspiciousaccounts
BrahnVilar,,TRUE,https://www.reddit.com/wiki/suspiciousaccounts
GaranaTobar,,TRUE,https://www.reddit.com/wiki/suspiciousaccounts
YggdorKakree,,TRUE,https://www.reddit.com/wiki/suspiciousaccounts
graulli,,TRUE,https://www.reddit.com/wiki/suspiciousaccounts
Heirlow,,TRUE,https://www.reddit.com/wiki/suspiciousaccounts
FordreranaCordagda,,TRUE,https://www.reddit.com/wiki/suspiciousaccounts
randomipad,,TRUE,https://www.reddit.com/wiki/suspiciousaccounts
SailakSamura,,TRUE,https://www.reddit.com/wiki/suspiciousaccounts
smollow,,TRUE,https://www.reddit.com/wiki/suspiciousaccounts
socketwom,,TRUE,https://www.reddit.com/wiki/suspiciousaccounts
foxmeowlder,,TRUE,https://www.reddit.com/wiki/suspiciousaccounts
CeriusTojajar,,TRUE,https://www.reddit.com/wiki/suspiciousaccounts
ModitiusOpirius,,TRUE,https://www.reddit.com/wiki/suspiciousaccounts
mohato,,TRUE,https://www.reddit.com/wiki/suspiciousaccounts
Abena_Tau,,TRUE,https://www.reddit.com/wiki/suspiciousaccounts
GranilisDogul,,TRUE,https://www.reddit.com/wiki/suspiciousaccounts
BloodwoodArashizrag,,TRUE,https://www.reddit.com/wiki/suspiciousaccounts
crownalbum,,TRUE,https://www.reddit.com/wiki/suspiciousaccounts
DaytonayenMoranaya,,TRUE,https://www.reddit.com/wiki/suspiciousaccounts
CewieldZuluhn,,TRUE,https://www.reddit.com/wiki/suspiciousaccounts
Taulou,,TRUE,https://www.reddit.com/wiki/suspiciousaccounts
VoodoogamiAurilak,,TRUE,https://www.reddit.com/wiki/suspiciousaccounts
HaroldGarold,,TRUE,https://www.reddit.com/wiki/suspiciousaccounts
OghmagelvFedora,,TRUE,https://www.reddit.com/wiki/suspiciousaccounts
davscolf,,TRUE,https://www.reddit.com/wiki/suspiciousaccounts
LightshadeGardakino,,TRUE,https://www.reddit.com/wiki/suspiciousaccounts
TetaurDafyn,,TRUE,https://www.reddit.com/wiki/suspiciousaccounts
HoodieLoodie,,TRUE,https://www.reddit.com/wiki/suspiciousaccounts
walterwhite1962,,TRUE,https://www.reddit.com/wiki/suspiciousaccounts
Derek_Daniel,,TRUE,https://www.reddit.com/wiki/suspiciousaccounts
KagrelMauran,,TRUE,https://www.reddit.com/wiki/suspiciousaccounts
NilarilOpirim,,TRUE,https://www.reddit.com/wiki/suspiciousaccounts
DrelathrisBo,,TRUE,https://www.reddit.com/wiki/suspiciousaccounts
SalmaranLaihuginn,,TRUE,https://www.reddit.com/wiki/suspiciousaccounts
mr_clampin,,TRUE,https://www.reddit.com/wiki/suspiciousaccounts
VanecedwaShadowsmith,,TRUE,https://www.reddit.com/wiki/suspiciousaccounts
SadCitizen2016,,TRUE,https://www.reddit.com/wiki/suspiciousaccounts
seatfaith,,TRUE,https://www.reddit.com/wiki/suspiciousaccounts
AgaluneMalordred,,TRUE,https://www.reddit.com/wiki/suspiciousaccounts
MeepoPeep,,TRUE,https://www.reddit.com/wiki/suspiciousaccounts
KakreeTabar,,TRUE,https://www.reddit.com/wiki/suspiciousaccounts
thistleescape,,TRUE,https://www.reddit.com/wiki/suspiciousaccounts
Garry_Gregg,,TRUE,https://www.reddit.com/wiki/suspiciousaccounts
WilliananLandalsa,,TRUE,https://www.reddit.com/wiki/suspiciousaccounts
germagamo,,TRUE,https://www.reddit.com/wiki/suspiciousaccounts
inkreindeer,,TRUE,https://www.reddit.com/wiki/suspiciousaccounts
TojasidaSamukree,,TRUE,https://www.reddit.com/wiki/suspiciousaccounts
hank-schrade,,TRUE,https://www.reddit.com/wiki/suspiciousaccounts
IshnranaAnayagrinn,,TRUE,https://www.reddit.com/wiki/suspiciousaccounts
aubrey_harper,,TRUE,https://www.reddit.com/wiki/suspiciousaccounts
ModitiusFaetaur,,TRUE,https://www.reddit.com/wiki/suspiciousaccounts
GushicageAgamadi,,TRUE,https://www.reddit.com/wiki/suspiciousaccounts
NuaborShaktikasa,,TRUE,https://www.reddit.com/wiki/suspiciousaccounts
garliccomet,,TRUE,https://www.reddit.com/wiki/suspiciousaccounts
jerrhill,,TRUE,https://www.reddit.com/wiki/suspiciousaccounts
moonreading,,TRUE,https://www.reddit.com/wiki/suspiciousaccounts
MalojurusMutus,,TRUE,https://www.reddit.com/wiki/suspiciousaccounts
Riley_Gerrard,,TRUE,https://www.reddit.com/wiki/suspiciousaccounts
AralisTugis,,TRUE,https://www.reddit.com/wiki/suspiciousaccounts
FreddieGi,,TRUE,https://www.reddit.com/wiki/suspiciousaccounts
CogelvWhitebinder,,TRUE,https://www.reddit.com/wiki/suspiciousaccounts
VojarAndrorus,,TRUE,https://www.reddit.com/wiki/suspiciousaccounts
SharprunnerAndrolas,,TRUE,https://www.reddit.com/wiki/suspiciousaccounts
winthrop_clancy,,TRUE,https://www.reddit.com/wiki/suspiciousaccounts
emilyli,,TRUE,https://www.reddit.com/wiki/suspiciousaccounts
BagoreZulkihn,,TRUE,https://www.reddit.com/wiki/suspiciousaccounts
muslimzebra,,TRUE,https://www.reddit.com/wiki/suspiciousaccounts
DorothieBell,,TRUE,https://www.reddit.com/wiki/suspiciousaccounts
Orville_Willy,,TRUE,https://www.reddit.com/wiki/suspiciousaccounts
wadeharriot,,TRUE,https://www.reddit.com/wiki/suspiciousaccounts
KatusPenadar,,TRUE,https://www.reddit.com/wiki/suspiciousaccounts
KulazelKelkree,,TRUE,https://www.reddit.com/wiki/suspiciousaccounts
1488Reasons,,TRUE,https://www.reddit.com/wiki/suspiciousaccounts
TojatMalaron,,TRUE,https://www.reddit.com/wiki/suspiciousaccounts
dreamsquadd,,TRUE,https://www.reddit.com/wiki/suspiciousaccounts
DalabandisAndroma,,TRUE,https://www.reddit.com/wiki/suspiciousaccounts
cakes689,,TRUE,https://www.reddit.com/wiki/suspiciousaccounts
Zach_Bristol,,TRUE,https://www.reddit.com/wiki/suspiciousaccounts
riversailor,,TRUE,https://www.reddit.com/wiki/suspiciousaccounts
SteelfangMogamand,,TRUE,https://www.reddit.com/wiki/suspiciousaccounts
bottlehope,,TRUE,https://www.reddit.com/wiki/suspiciousaccounts
Gilbert_Preston,,TRUE,https://www.reddit.com/wiki/suspiciousaccounts
harperdaveharper,,TRUE,https://www.reddit.com/wiki/suspiciousaccounts
chriscrossfire,,TRUE,https://www.reddit.com/wiki/suspiciousaccounts
GavinayaBeazefym,,TRUE,https://www.reddit.com/wiki/suspiciousaccounts
Paolosi,,TRUE,https://www.reddit.com/wiki/suspiciousaccounts
SnorrySturluson,,TRUE,https://www.reddit.com/wiki/suspiciousaccounts
GoldenbringerTogore,,TRUE,https://www.reddit.com/wiki/suspiciousaccounts
NalenTaugami,,TRUE,https://www.reddit.com/wiki/suspiciousaccounts
MoonMoon8,,TRUE,https://www.reddit.com/wiki/suspiciousaccounts
Darcy_Loyd,,TRUE,https://www.reddit.com/wiki/suspiciousaccounts
DianarinAdorardred,,TRUE,https://www.reddit.com/wiki/suspiciousaccounts
ThorgaghmaLai,,TRUE,https://www.reddit.com/wiki/suspiciousaccounts
FerdavynaCentrirus,,TRUE,https://www.reddit.com/wiki/suspiciousaccounts
petouchoque,,TRUE,https://www.reddit.com/wiki/suspiciousaccounts
AriundisVugar,,TRUE,https://www.reddit.com/wiki/suspiciousaccounts
CordaronGavinralbin,,TRUE,https://www.reddit.com/wiki/suspiciousaccounts
DelaranaBatius,,TRUE,https://www.reddit.com/wiki/suspiciousaccounts
BallardredTholak,,TRUE,https://www.reddit.com/wiki/suspiciousaccounts
MalalladorSincliff,,TRUE,https://www.reddit.com/wiki/suspiciousaccounts
jojouel,,TRUE,https://www.reddit.com/wiki/suspiciousaccounts
violinslipper,,TRUE,https://www.reddit.com/wiki/suspiciousaccounts
caterpillarclass,,TRUE,https://www.reddit.com/wiki/suspiciousaccounts
AxeseekerMightwind,,TRUE,https://www.reddit.com/wiki/suspiciousaccounts
SamugoreKekelv,,TRUE,https://www.reddit.com/wiki/suspiciousaccounts
patsy_rudolph,,TRUE,https://www.reddit.com/wiki/suspiciousaccounts
DelalbineSilvershad,,TRUE,https://www.reddit.com/wiki/suspiciousaccounts
DearDearBear,,TRUE,https://www.reddit.com/wiki/suspiciousaccounts
DarusCege,,TRUE,https://www.reddit.com/wiki/suspiciousaccounts
RedGov,,TRUE,https://www.reddit.com/wiki/suspiciousaccounts
malefane,,TRUE,https://www.reddit.com/wiki/suspiciousaccounts
PeriniusDular,,TRUE,https://www.reddit.com/wiki/suspiciousaccounts
vudonrismakasa,,TRUE,https://www.reddit.com/wiki/suspiciousaccounts
VukazahnGardagis,,TRUE,https://www.reddit.com/wiki/suspiciousaccounts
AndromajurusAragrel,,TRUE,https://www.reddit.com/wiki/suspiciousaccounts
HityndiDutilar,,TRUE,https://www.reddit.com/wiki/suspiciousaccounts
NekoraJoJolar,,TRUE,https://www.reddit.com/wiki/suspiciousaccounts
Dazzle6,,TRUE,https://www.reddit.com/wiki/suspiciousaccounts
rockanda,,TRUE,https://www.reddit.com/wiki/suspiciousaccounts
IronwalkerGardred,,TRUE,https://www.reddit.com/wiki/suspiciousaccounts
DelanradAgamadwyn,,TRUE,https://www.reddit.com/wiki/suspiciousaccounts
FenrilkreeMolabar,,TRUE,https://www.reddit.com/wiki/suspiciousaccounts
BludflameMeztirg,,TRUE,https://www.reddit.com/wiki/suspiciousaccounts
researchbeggar,,TRUE,https://www.reddit.com/wiki/suspiciousaccounts
toffeetear,,TRUE,https://www.reddit.com/wiki/suspiciousaccounts
AndrorneGavinrage,,TRUE,https://www.reddit.com/wiki/suspiciousaccounts
TebenelBrazragore,,TRUE,https://www.reddit.com/wiki/suspiciousaccounts
DaFordremand,,TRUE,https://www.reddit.com/wiki/suspiciousaccounts
SharpwingChillshape,,TRUE,https://www.reddit.com/wiki/suspiciousaccounts
Gillian0zero0,,TRUE,https://www.reddit.com/wiki/suspiciousaccounts
CererinKarn,,TRUE,https://www.reddit.com/wiki/suspiciousaccounts
ZukoraTezil,,TRUE,https://www.reddit.com/wiki/suspiciousaccounts
Mponeng,,TRUE,https://www.reddit.com/wiki/suspiciousaccounts
MnefymPainmane,,TRUE,https://www.reddit.com/wiki/suspiciousaccounts
HellwindShadowbreak,,TRUE,https://www.reddit.com/wiki/suspiciousaccounts
richwilcom,,TRUE,https://www.reddit.com/wiki/suspiciousaccounts
moratutu,,TRUE,https://www.reddit.com/wiki/suspiciousaccounts
DalahelmFelharil,,TRUE,https://www.reddit.com/wiki/suspiciousaccounts
paulmall112,,TRUE,https://www.reddit.com/wiki/suspiciousaccounts
AgamagelvTozshura,,TRUE,https://www.reddit.com/wiki/suspiciousaccounts
tishcol,,TRUE,https://www.reddit.com/wiki/suspiciousaccounts
lekgotla,,TRUE,https://www.reddit.com/wiki/suspiciousaccounts
xameg,,TRUE,https://www.reddit.com/wiki/suspiciousaccounts
PeGobei,,TRUE,https://www.reddit.com/wiki/suspiciousaccounts
blackie_jack,,TRUE,https://www.reddit.com/wiki/suspiciousaccounts
BurigelvGravelbrew,,TRUE,https://www.reddit.com/wiki/suspiciousaccounts
MalasarGholbiris,,TRUE,https://www.reddit.com/wiki/suspiciousaccounts
UmthDarkfire,,TRUE,https://www.reddit.com/wiki/suspiciousaccounts
Graham_Quinn,,TRUE,https://www.reddit.com/wiki/suspiciousaccounts
brondran,,TRUE,https://www.reddit.com/wiki/suspiciousaccounts
alex_jonathan,,TRUE,https://www.reddit.com/wiki/suspiciousaccounts
sugarshoehorn,,TRUE,https://www.reddit.com/wiki/suspiciousaccounts
LeyleynFearlessworm,,TRUE,https://www.reddit.com/wiki/suspiciousaccounts
CeginnFonin,,TRUE,https://www.reddit.com/wiki/suspiciousaccounts
Heetmean,,TRUE,https://www.reddit.com/wiki/suspiciousaccounts
GoltijindGoltishura,,TRUE,https://www.reddit.com/wiki/suspiciousaccounts
horseeating,,TRUE,https://www.reddit.com/wiki/suspiciousaccounts
Meek_Mitchel,,TRUE,https://www.reddit.com/wiki/suspiciousaccounts
hadheart,,TRUE,https://www.reddit.com/wiki/suspiciousaccounts
men_like,,TRUE,https://www.reddit.com/wiki/suspiciousaccounts
ThordibandisHugimat,,TRUE,https://www.reddit.com/wiki/suspiciousaccounts
waeqxd,,TRUE,https://www.reddit.com/wiki/suspiciousaccounts
hyddrox,,TRUE,https://www.reddit.com/wiki/suspiciousaccounts
CogdaAnayanara,,TRUE,https://www.reddit.com/wiki/suspiciousaccounts
brant_s,,TRUE,https://www.reddit.com/wiki/suspiciousaccounts
ZamalynodeThothis,,TRUE,https://www.reddit.com/wiki/suspiciousaccounts
fginery,,TRUE,https://www.reddit.com/wiki/suspiciousaccounts
come-true,,TRUE,https://www.reddit.com/wiki/suspiciousaccounts
CereranaKeath,,TRUE,https://www.reddit.com/wiki/suspiciousaccounts
chereese,,TRUE,https://www.reddit.com/wiki/suspiciousaccounts
TojasHellwarden,,TRUE,https://www.reddit.com/wiki/suspiciousaccounts
toffeeathletics,,TRUE,https://www.reddit.com/wiki/suspiciousaccounts
laserathletics,,TRUE,https://www.reddit.com/wiki/suspiciousaccounts
peter_stevenson1986,,TRUE,https://www.reddit.com/wiki/suspiciousaccounts
GavinraraFonara,,TRUE,https://www.reddit.com/wiki/suspiciousaccounts
keklelkek,,TRUE,https://www.reddit.com/wiki/suspiciousaccounts
ThonisIshnlen,,TRUE,https://www.reddit.com/wiki/suspiciousaccounts
ironzion17,,TRUE,https://www.reddit.com/wiki/suspiciousaccounts
ThontriusBanos,,TRUE,https://www.reddit.com/wiki/suspiciousaccounts
NitaurMaull,,TRUE,https://www.reddit.com/wiki/suspiciousaccounts
MananaraGralsa,,TRUE,https://www.reddit.com/wiki/suspiciousaccounts
kanyebreeze,,TRUE,https://www.reddit.com/wiki/suspiciousaccounts
LalhalaGavinradwyn,,TRUE,https://www.reddit.com/wiki/suspiciousaccounts
NualvCordalace,,TRUE,https://www.reddit.com/wiki/suspiciousaccounts
gordon_br,,TRUE,https://www.reddit.com/wiki/suspiciousaccounts
KiririelCebandis,,TRUE,https://www.reddit.com/wiki/suspiciousaccounts
UelitheLandagelv,,TRUE,https://www.reddit.com/wiki/suspiciousaccounts
dandy1crown,,TRUE,https://www.reddit.com/wiki/suspiciousaccounts
GrisidaColak,,TRUE,https://www.reddit.com/wiki/suspiciousaccounts
alice_boginski,,TRUE,https://www.reddit.com/wiki/suspiciousaccounts
fungon,,TRUE,https://www.reddit.com/wiki/suspiciousaccounts
MiraranaMogra,,TRUE,https://www.reddit.com/wiki/suspiciousaccounts
uelithelandagelv,,TRUE,https://www.reddit.com/wiki/suspiciousaccounts
FoshantBloodstone,,TRUE,https://www.reddit.com/wiki/suspiciousaccounts
BeazerneMem,,TRUE,https://www.reddit.com/wiki/suspiciousaccounts
mandeyboy,,TRUE,https://www.reddit.com/wiki/suspiciousaccounts
AriutusMokazahn,,TRUE,https://www.reddit.com/wiki/suspiciousaccounts
clackie,,TRUE,https://www.reddit.com/wiki/suspiciousaccounts
reggaebull,,TRUE,https://www.reddit.com/wiki/suspiciousaccounts
AlsagelvBuriron,,TRUE,https://www.reddit.com/wiki/suspiciousaccounts
deusexmachina112,,TRUE,https://www.reddit.com/wiki/suspiciousaccounts
elsie_c,,TRUE,https://www.reddit.com/wiki/suspiciousaccounts
TedarYozshujin,,TRUE,https://www.reddit.com/wiki/suspiciousaccounts
toneporter,,TRUE,https://www.reddit.com/wiki/suspiciousaccounts
SinmoonYggbandis,,TRUE,https://www.reddit.com/wiki/suspiciousaccounts
dopplegun,,TRUE,https://www.reddit.com/wiki/suspiciousaccounts
Maineylops,,TRUE,https://www.reddit.com/wiki/suspiciousaccounts
Maxwel_Terry,,TRUE,https://www.reddit.com/wiki/suspiciousaccounts
DeusXYX,,TRUE,https://www.reddit.com/wiki/suspiciousaccounts
MasiusShadowshaper,,TRUE,https://www.reddit.com/wiki/suspiciousaccounts
MargasGranidor,,TRUE,https://www.reddit.com/wiki/suspiciousaccounts
Peter_Hurst,,TRUE,https://www.reddit.com/wiki/suspiciousaccounts
erivmalazilkree,,TRUE,https://www.reddit.com/wiki/suspiciousaccounts
King_Andersons,,TRUE,https://www.reddit.com/wiki/suspiciousaccounts
BerskyN,,TRUE,https://www.reddit.com/wiki/suspiciousaccounts
WhatImDoindHere,,TRUE,https://www.reddit.com/wiki/suspiciousaccounts
Kevin_Milner,,TRUE,https://www.reddit.com/wiki/suspiciousaccounts
shomyo,,TRUE,https://www.reddit.com/wiki/suspiciousaccounts
rubinjer,,TRUE,https://www.reddit.com/wiki/suspiciousaccounts
HCE_Replacement_Bot,TRUE,,https://www.reddit.com/r/botwatch/comments/1wg6f6/bot_list_i_built_a_bot_to_find_other_bots_so_far/cf1nu8p/
Kevin_Garnett_Bot,TRUE,,https://www.reddit.com/r/botwatch/comments/1wg6f6/bot_list_i_built_a_bot_to_find_other_bots_so_far/cf1nu8p/
Rangers_Bot,TRUE,,https://www.reddit.com/r/botwatch/comments/1wg6f6/bot_list_i_built_a_bot_to_find_other_bots_so_far/cf1nu8p/
DropBox_Bot,TRUE,,https://www.reddit.com/r/botwatch/comments/1wg6f6/bot_list_i_built_a_bot_to_find_other_bots_so_far/cf1nu8p/
Website_Mirror_Bot,TRUE,,https://www.reddit.com/r/botwatch/comments/1wg6f6/bot_list_i_built_a_bot_to_find_other_bots_so_far/cf1nu8p/
Metric_System_Bot,TRUE,,https://www.reddit.com/r/botwatch/comments/1wg6f6/bot_list_i_built_a_bot_to_find_other_bots_so_far/cf1nu8p/
Fedora-Tip-Bot,TRUE,,https://www.reddit.com/r/botwatch/comments/1wg6f6/bot_list_i_built_a_bot_to_find_other_bots_so_far/cf1nu8p/
Some_Bot,TRUE,,https://www.reddit.com/r/botwatch/comments/1wg6f6/bot_list_i_built_a_bot_to_find_other_bots_so_far/cf1nu8p/
Brigade_Bot,TRUE,,https://www.reddit.com/r/botwatch/comments/1wg6f6/bot_list_i_built_a_bot_to_find_other_bots_so_far/cf1nu8p/
Link_Correction_Bot,TRUE,,https://www.reddit.com/r/botwatch/comments/1wg6f6/bot_list_i_built_a_bot_to_find_other_bots_so_far/cf1nu8p/
Porygon-Bot,TRUE,,https://www.reddit.com/r/botwatch/comments/1wg6f6/bot_list_i_built_a_bot_to_find_other_bots_so_far/cf1nu8p/
KarmaConspiracy_Bot,TRUE,,https://www.reddit.com/r/botwatch/comments/1wg6f6/bot_list_i_built_a_bot_to_find_other_bots_so_far/cf1nu8p/
SWTOR_Helper_Bot,TRUE,,https://www.reddit.com/r/botwatch/comments/1wg6f6/bot_list_i_built_a_bot_to_find_other_bots_so_far/cf1nu8p/
annoying_yes_bot,TRUE,,https://www.reddit.com/r/botwatch/comments/1wg6f6/bot_list_i_built_a_bot_to_find_other_bots_so_far/cf1nu8p/
wtf_content_bot,TRUE,,https://www.reddit.com/r/botwatch/comments/1wg6f6/bot_list_i_built_a_bot_to_find_other_bots_so_far/cf1nu8p/
Insane_Photo_Bot,TRUE,,https://www.reddit.com/r/botwatch/comments/1wg6f6/bot_list_i_built_a_bot_to_find_other_bots_so_far/cf1nu8p/
Antiracism_Bot,TRUE,,https://www.reddit.com/r/botwatch/comments/1wg6f6/bot_list_i_built_a_bot_to_find_other_bots_so_far/cf1nu8p/
qznc_bot,TRUE,,https://www.reddit.com/r/botwatch/comments/1wg6f6/bot_list_i_built_a_bot_to_find_other_bots_so_far/cf1nu8p/
mma_gif_bot,TRUE,,https://www.reddit.com/r/botwatch/comments/1wg6f6/bot_list_i_built_a_bot_to_find_other_bots_so_far/cf1nu8p/
QUICHE-BOT,TRUE,,https://www.reddit.com/r/botwatch/comments/1wg6f6/bot_list_i_built_a_bot_to_find_other_bots_so_far/cf1nu8p/
bRMT_Bot,TRUE,,https://www.reddit.com/r/botwatch/comments/1wg6f6/bot_list_i_built_a_bot_to_find_other_bots_so_far/cf1nu8p/
hockey_gif_bot,TRUE,,https://www.reddit.com/r/botwatch/comments/1wg6f6/bot_list_i_built_a_bot_to_find_other_bots_so_far/cf1nu8p/
nba_gif_bot,TRUE,,https://www.reddit.com/r/botwatch/comments/1wg6f6/bot_list_i_built_a_bot_to_find_other_bots_so_far/cf1nu8p/
gifster_bot,TRUE,,https://www.reddit.com/r/botwatch/comments/1wg6f6/bot_list_i_built_a_bot_to_find_other_bots_so_far/cf1nu8p/
imirror_bot,TRUE,,https://www.reddit.com/r/botwatch/comments/1wg6f6/bot_list_i_built_a_bot_to_find_other_bots_so_far/cf1nu8p/
okc_rating_bot,TRUE,,https://www.reddit.com/r/botwatch/comments/1wg6f6/bot_list_i_built_a_bot_to_find_other_bots_so_far/cf1nu8p/
tennis_gif_bot,TRUE,,https://www.reddit.com/r/botwatch/comments/1wg6f6/bot_list_i_built_a_bot_to_find_other_bots_so_far/cf1nu8p/
nfl_gif_bot,TRUE,,https://www.reddit.com/r/botwatch/comments/1wg6f6/bot_list_i_built_a_bot_to_find_other_bots_so_far/cf1nu8p/
CPTModBot,TRUE,,https://www.reddit.com/r/botwatch/comments/1wg6f6/bot_list_i_built_a_bot_to_find_other_bots_so_far/cf1nu8p/
LocationBot,TRUE,,https://www.reddit.com/r/botwatch/comments/1wg6f6/bot_list_i_built_a_bot_to_find_other_bots_so_far/cf1nu8p/
CreepySmileBot,TRUE,,https://www.reddit.com/r/botwatch/comments/1wg6f6/bot_list_i_built_a_bot_to_find_other_bots_so_far/cf1nu8p/
FriendSafariBot,TRUE,,https://www.reddit.com/r/botwatch/comments/1wg6f6/bot_list_i_built_a_bot_to_find_other_bots_so_far/cf1nu8p/
WritingPromptsBot,TRUE,,https://www.reddit.com/r/botwatch/comments/1wg6f6/bot_list_i_built_a_bot_to_find_other_bots_so_far/cf1nu8p/
CreepierSmileBot,TRUE,,https://www.reddit.com/r/botwatch/comments/1wg6f6/bot_list_i_built_a_bot_to_find_other_bots_so_far/cf1nu8p/
IAgreeBot,TRUE,,https://www.reddit.com/r/botwatch/comments/1wg6f6/bot_list_i_built_a_bot_to_find_other_bots_so_far/cf1nu8p/
Cakeday-Bot,TRUE,,https://www.reddit.com/r/botwatch/comments/1wg6f6/bot_list_i_built_a_bot_to_find_other_bots_so_far/cf1nu8p/
Meta_Bot,TRUE,,https://www.reddit.com/r/botwatch/comments/1wg6f6/bot_list_i_built_a_bot_to_find_other_bots_so_far/cf1nu8p/
HockeyGT_Bot,TRUE,,https://www.reddit.com/r/botwatch/comments/1wg6f6/bot_list_i_built_a_bot_to_find_other_bots_so_far/cf1nu8p/
soccer_gif_bot,TRUE,,https://www.reddit.com/r/botwatch/comments/1wg6f6/bot_list_i_built_a_bot_to_find_other_bots_so_far/cf1nu8p/
gunners_gif_bot,TRUE,,https://www.reddit.com/r/botwatch/comments/1wg6f6/bot_list_i_built_a_bot_to_find_other_bots_so_far/cf1nu8p/
xkcd_number_bot,TRUE,,https://www.reddit.com/r/botwatch/comments/1wg6f6/bot_list_i_built_a_bot_to_find_other_bots_so_far/cf1nu8p/
GWHistoryBot,TRUE,,https://www.reddit.com/r/botwatch/comments/1wg6f6/bot_list_i_built_a_bot_to_find_other_bots_so_far/cf1nu8p/
PokemonFlairBot,TRUE,,https://www.reddit.com/r/botwatch/comments/1wg6f6/bot_list_i_built_a_bot_to_find_other_bots_so_far/cf1nu8p/
ChristianityBot,TRUE,,https://www.reddit.com/r/botwatch/comments/1wg6f6/bot_list_i_built_a_bot_to_find_other_bots_so_far/cf1nu8p/
cRedditBot,TRUE,,https://www.reddit.com/r/botwatch/comments/1wg6f6/bot_list_i_built_a_bot_to_find_other_bots_so_far/cf1nu8p/
StreetFightMirrorBot,TRUE,,https://www.reddit.com/r/botwatch/comments/1wg6f6/bot_list_i_built_a_bot_to_find_other_bots_so_far/cf1nu8p/
FedoraTipAutoBot,TRUE,,https://www.reddit.com/r/botwatch/comments/1wg6f6/bot_list_i_built_a_bot_to_find_other_bots_so_far/cf1nu8p/
UnobtaniumTipBot,TRUE,,https://www.reddit.com/r/botwatch/comments/1wg6f6/bot_list_i_built_a_bot_to_find_other_bots_so_far/cf1nu8p/
astro-bot,TRUE,,https://www.reddit.com/r/botwatch/comments/1wg6f6/bot_list_i_built_a_bot_to_find_other_bots_so_far/cf1nu8p/
TipMoonBot,TRUE,,https://www.reddit.com/r/botwatch/comments/1wg6f6/bot_list_i_built_a_bot_to_find_other_bots_so_far/cf1nu8p/
PlaylisterBot,TRUE,,https://www.reddit.com/r/botwatch/comments/1wg6f6/bot_list_i_built_a_bot_to_find_other_bots_so_far/cf1nu8p/
Wiki_Bot,TRUE,,https://www.reddit.com/r/botwatch/comments/1wg6f6/bot_list_i_built_a_bot_to_find_other_bots_so_far/cf1nu8p/
fedora_tip_bot,TRUE,,https://www.reddit.com/r/botwatch/comments/1wg6f6/bot_list_i_built_a_bot_to_find_other_bots_so_far/cf1nu8p/
GunnersGifsBot,TRUE,,https://www.reddit.com/r/botwatch/comments/1wg6f6/bot_list_i_built_a_bot_to_find_other_bots_so_far/cf1nu8p/
PGN-Bot,TRUE,,https://www.reddit.com/r/botwatch/comments/1wg6f6/bot_list_i_built_a_bot_to_find_other_bots_so_far/cf1nu8p/
GunnitBot,TRUE,,https://www.reddit.com/r/botwatch/comments/1wg6f6/bot_list_i_built_a_bot_to_find_other_bots_so_far/cf1nu8p/
havoc_bot,TRUE,,https://www.reddit.com/r/botwatch/comments/1wg6f6/bot_list_i_built_a_bot_to_find_other_bots_so_far/cf1nu8p/
Relevant_News_Bot,TRUE,,https://www.reddit.com/r/botwatch/comments/1wg6f6/bot_list_i_built_a_bot_to_find_other_bots_so_far/cf1nu8p/
gfy_bot,TRUE,,https://www.reddit.com/r/botwatch/comments/1wg6f6/bot_list_i_built_a_bot_to_find_other_bots_so_far/cf1nu8p/
RealtechPostBot,TRUE,,https://www.reddit.com/r/botwatch/comments/1wg6f6/bot_list_i_built_a_bot_to_find_other_bots_so_far/cf1nu8p/
imgurHostBot,TRUE,,https://www.reddit.com/r/botwatch/comments/1wg6f6/bot_list_i_built_a_bot_to_find_other_bots_so_far/cf1nu8p/
Gatherer_bot,TRUE,,https://www.reddit.com/r/botwatch/comments/1wg6f6/bot_list_i_built_a_bot_to_find_other_bots_so_far/cf1nu8p/
JumpToBot,TRUE,,https://www.reddit.com/r/botwatch/comments/1wg6f6/bot_list_i_built_a_bot_to_find_other_bots_so_far/cf1nu8p/
DeltaBot,TRUE,,https://www.reddit.com/r/botwatch/comments/1wg6f6/bot_list_i_built_a_bot_to_find_other_bots_so_far/cf1nu8p/
Nazeem_Bot,TRUE,,https://www.reddit.com/r/botwatch/comments/1wg6f6/bot_list_i_built_a_bot_to_find_other_bots_so_far/cf1nu8p/
PhoenixBot,TRUE,,https://www.reddit.com/r/botwatch/comments/1wg6f6/bot_list_i_built_a_bot_to_find_other_bots_so_far/cf1nu8p/
AtheismModBot,TRUE,,https://www.reddit.com/r/botwatch/comments/1wg6f6/bot_list_i_built_a_bot_to_find_other_bots_so_far/cf1nu8p/
IsItDownBot,TRUE,,https://www.reddit.com/r/botwatch/comments/1wg6f6/bot_list_i_built_a_bot_to_find_other_bots_so_far/cf1nu8p/
malo_the_bot,TRUE,,https://www.reddit.com/r/botwatch/comments/1wg6f6/bot_list_i_built_a_bot_to_find_other_bots_so_far/cf1nu8p/
RFootballBot,TRUE,,https://www.reddit.com/r/botwatch/comments/1wg6f6/bot_list_i_built_a_bot_to_find_other_bots_so_far/cf1nu8p/
KSPortBot,TRUE,,https://www.reddit.com/r/botwatch/comments/1wg6f6/bot_list_i_built_a_bot_to_find_other_bots_so_far/cf1nu8p/
Makes_Small_Text_Bot,TRUE,,https://www.reddit.com/r/botwatch/comments/1wg6f6/bot_list_i_built_a_bot_to_find_other_bots_so_far/cf1nu8p/
CompileBot,TRUE,,https://www.reddit.com/r/botwatch/comments/1wg6f6/bot_list_i_built_a_bot_to_find_other_bots_so_far/cf1nu8p/
SakuraiBot,TRUE,,https://www.reddit.com/r/botwatch/comments/1wg6f6/bot_list_i_built_a_bot_to_find_other_bots_so_far/cf1nu8p/
asmrspambot,TRUE,,https://www.reddit.com/r/botwatch/comments/1wg6f6/bot_list_i_built_a_bot_to_find_other_bots_so_far/cf1nu8p/
SurveyOfRedditBot,TRUE,,https://www.reddit.com/r/botwatch/comments/1wg6f6/bot_list_i_built_a_bot_to_find_other_bots_so_far/cf1nu8p/
RfreebandzBOT,TRUE,,https://www.reddit.com/r/botwatch/comments/1wg6f6/bot_list_i_built_a_bot_to_find_other_bots_so_far/cf1nu8p/
rule_bot,TRUE,,https://www.reddit.com/r/botwatch/comments/1wg6f6/bot_list_i_built_a_bot_to_find_other_bots_so_far/cf1nu8p/
xkcdcomic_bot,TRUE,,https://www.reddit.com/r/botwatch/comments/1wg6f6/bot_list_i_built_a_bot_to_find_other_bots_so_far/cf1nu8p/
PloungeMafiaVoteBot,TRUE,,https://www.reddit.com/r/botwatch/comments/1wg6f6/bot_list_i_built_a_bot_to_find_other_bots_so_far/cf1nu8p/
PoliticBot,TRUE,,https://www.reddit.com/r/botwatch/comments/1wg6f6/bot_list_i_built_a_bot_to_find_other_bots_so_far/cf1nu8p/
Dickish_Bot_Bot,TRUE,,https://www.reddit.com/r/botwatch/comments/1wg6f6/bot_list_i_built_a_bot_to_find_other_bots_so_far/cf1nu8p/
SuchModBot,TRUE,,https://www.reddit.com/r/botwatch/comments/1wg6f6/bot_list_i_built_a_bot_to_find_other_bots_so_far/cf1nu8p/
MultiFunctionBot,TRUE,,https://www.reddit.com/r/botwatch/comments/1wg6f6/bot_list_i_built_a_bot_to_find_other_bots_so_far/cf1nu8p/
CasualMetricBot,TRUE,,https://www.reddit.com/r/botwatch/comments/1wg6f6/bot_list_i_built_a_bot_to_find_other_bots_so_far/cf1nu8p/
xkcd_bot,TRUE,,https://www.reddit.com/r/botwatch/comments/1wg6f6/bot_list_i_built_a_bot_to_find_other_bots_so_far/cf1nu8p/
VerseBot,TRUE,,https://www.reddit.com/r/botwatch/comments/1wg6f6/bot_list_i_built_a_bot_to_find_other_bots_so_far/cf1nu8p/
BeetusBot,TRUE,,https://www.reddit.com/r/botwatch/comments/1wg6f6/bot_list_i_built_a_bot_to_find_other_bots_so_far/cf1nu8p/
GameDealsBot,TRUE,,https://www.reddit.com/r/botwatch/comments/1wg6f6/bot_list_i_built_a_bot_to_find_other_bots_so_far/cf1nu8p/
BadLinguisticsBot,TRUE,,https://www.reddit.com/r/botwatch/comments/1wg6f6/bot_list_i_built_a_bot_to_find_other_bots_so_far/cf1nu8p/
rhiever-bot,TRUE,,https://www.reddit.com/r/botwatch/comments/1wg6f6/bot_list_i_built_a_bot_to_find_other_bots_so_far/cf1nu8p/
gfycat-bot-sucksdick,TRUE,,https://www.reddit.com/r/botwatch/comments/1wg6f6/bot_list_i_built_a_bot_to_find_other_bots_so_far/cf1nu8p/
chromabot,TRUE,,https://www.reddit.com/r/botwatch/comments/1wg6f6/bot_list_i_built_a_bot_to_find_other_bots_so_far/cf1nu8p/
Readdit_Bot,TRUE,,https://www.reddit.com/r/botwatch/comments/1wg6f6/bot_list_i_built_a_bot_to_find_other_bots_so_far/cf1nu8p/
wooshbot,TRUE,,https://www.reddit.com/r/botwatch/comments/1wg6f6/bot_list_i_built_a_bot_to_find_other_bots_so_far/cf1nu8p/
disapprovalbot,TRUE,,https://www.reddit.com/r/botwatch/comments/1wg6f6/bot_list_i_built_a_bot_to_find_other_bots_so_far/cf1nu8p/
request_bot,TRUE,,https://www.reddit.com/r/botwatch/comments/1wg6f6/bot_list_i_built_a_bot_to_find_other_bots_so_far/cf1nu8p/
define_bot,TRUE,,https://www.reddit.com/r/botwatch/comments/1wg6f6/bot_list_i_built_a_bot_to_find_other_bots_so_far/cf1nu8p/
dogetipbot,TRUE,,https://www.reddit.com/r/botwatch/comments/1wg6f6/bot_list_i_built_a_bot_to_find_other_bots_so_far/cf1nu8p/
techobot,TRUE,,https://www.reddit.com/r/botwatch/comments/1wg6f6/bot_list_i_built_a_bot_to_find_other_bots_so_far/cf1nu8p/
CaptionBot,TRUE,,https://www.reddit.com/r/botwatch/comments/1wg6f6/bot_list_i_built_a_bot_to_find_other_bots_so_far/cf1nu8p/
rightsbot,TRUE,,https://www.reddit.com/r/botwatch/comments/1wg6f6/bot_list_i_built_a_bot_to_find_other_bots_so_far/cf1nu8p/
colorcodebot,TRUE,,https://www.reddit.com/r/botwatch/comments/1wg6f6/bot_list_i_built_a_bot_to_find_other_bots_so_far/cf1nu8p/
roger_bot,TRUE,,https://www.reddit.com/r/botwatch/comments/1wg6f6/bot_list_i_built_a_bot_to_find_other_bots_so_far/cf1nu8p/
ADHDbot,TRUE,,https://www.reddit.com/r/botwatch/comments/1wg6f6/bot_list_i_built_a_bot_to_find_other_bots_so_far/cf1nu8p/
hearing-aid_bot,TRUE,,https://www.reddit.com/r/botwatch/comments/1wg6f6/bot_list_i_built_a_bot_to_find_other_bots_so_far/cf1nu8p/
WikipediaCitationBot,TRUE,,https://www.reddit.com/r/botwatch/comments/1wg6f6/bot_list_i_built_a_bot_to_find_other_bots_so_far/cf1nu8p/
PonyTipBot,TRUE,,https://www.reddit.com/r/botwatch/comments/1wg6f6/bot_list_i_built_a_bot_to_find_other_bots_so_far/cf1nu8p/
fact_check_bot,TRUE,,https://www.reddit.com/r/botwatch/comments/1wg6f6/bot_list_i_built_a_bot_to_find_other_bots_so_far/cf1nu8p/
rusetipbot,TRUE,,https://www.reddit.com/r/botwatch/comments/1wg6f6/bot_list_i_built_a_bot_to_find_other_bots_so_far/cf1nu8p/
test_bot0x00,TRUE,,https://www.reddit.com/r/botwatch/comments/1wg6f6/bot_list_i_built_a_bot_to_find_other_bots_so_far/cf1nu8p/
classybot,TRUE,,https://www.reddit.com/r/botwatch/comments/1wg6f6/bot_list_i_built_a_bot_to_find_other_bots_so_far/cf1nu8p/
NFLVideoBot,TRUE,,https://www.reddit.com/r/botwatch/comments/1wg6f6/bot_list_i_built_a_bot_to_find_other_bots_so_far/cf1nu8p/
MAGNIFIER_BOT,TRUE,,https://www.reddit.com/r/botwatch/comments/1wg6f6/bot_list_i_built_a_bot_to_find_other_bots_so_far/cf1nu8p/
WordCloudBot2,TRUE,,https://www.reddit.com/r/botwatch/comments/1wg6f6/bot_list_i_built_a_bot_to_find_other_bots_so_far/cf1nu8p/
JotBot,TRUE,,https://www.reddit.com/r/botwatch/comments/1wg6f6/bot_list_i_built_a_bot_to_find_other_bots_so_far/cf1nu8p/
WeeaBot,TRUE,,https://www.reddit.com/r/botwatch/comments/1wg6f6/bot_list_i_built_a_bot_to_find_other_bots_so_far/cf1nu8p/
raddit-bot,TRUE,,https://www.reddit.com/r/botwatch/comments/1wg6f6/bot_list_i_built_a_bot_to_find_other_bots_so_far/cf1nu8p/
comment_copier_bot,TRUE,,https://www.reddit.com/r/botwatch/comments/1wg6f6/bot_list_i_built_a_bot_to_find_other_bots_so_far/cf1nu8p/
coinflipbot,TRUE,,https://www.reddit.com/r/botwatch/comments/1wg6f6/bot_list_i_built_a_bot_to_find_other_bots_so_far/cf1nu8p/
VideoLinkBot,TRUE,,https://www.reddit.com/r/botwatch/comments/1wg6f6/bot_list_i_built_a_bot_to_find_other_bots_so_far/cf1nu8p/
new_eden_news_bot,TRUE,,https://www.reddit.com/r/botwatch/comments/1wg6f6/bot_list_i_built_a_bot_to_find_other_bots_so_far/cf1nu8p/
hwsbot,TRUE,,https://www.reddit.com/r/botwatch/comments/1wg6f6/bot_list_i_built_a_bot_to_find_other_bots_so_far/cf1nu8p/
UrbanDicBot,TRUE,,https://www.reddit.com/r/botwatch/comments/1wg6f6/bot_list_i_built_a_bot_to_find_other_bots_so_far/cf1nu8p/
hearingaid_bot,TRUE,,https://www.reddit.com/r/botwatch/comments/1wg6f6/bot_list_i_built_a_bot_to_find_other_bots_so_far/cf1nu8p/
thankyoubot,TRUE,,https://www.reddit.com/r/botwatch/comments/1wg6f6/bot_list_i_built_a_bot_to_find_other_bots_so_far/cf1nu8p/
GeekWhackBot,TRUE,,https://www.reddit.com/r/botwatch/comments/1wg6f6/bot_list_i_built_a_bot_to_find_other_bots_so_far/cf1nu8p/
ExmoBot,TRUE,,https://www.reddit.com/r/botwatch/comments/1wg6f6/bot_list_i_built_a_bot_to_find_other_bots_so_far/cf1nu8p/
CHART_BOT,TRUE,,https://www.reddit.com/r/botwatch/comments/1wg6f6/bot_list_i_built_a_bot_to_find_other_bots_so_far/cf1nu8p/
tips_bot,TRUE,,https://www.reddit.com/r/botwatch/comments/1wg6f6/bot_list_i_built_a_bot_to_find_other_bots_so_far/cf1nu8p/
GATSBOT,TRUE,,https://www.reddit.com/r/botwatch/comments/1wg6f6/bot_list_i_built_a_bot_to_find_other_bots_so_far/cf1nu8p/
allinonebot,TRUE,,https://www.reddit.com/r/botwatch/comments/1wg6f6/bot_list_i_built_a_bot_to_find_other_bots_so_far/cf1nu8p/
moderator-bot,TRUE,,https://www.reddit.com/r/botwatch/comments/1wg6f6/bot_list_i_built_a_bot_to_find_other_bots_so_far/cf1nu8p/
rnfl_robot,TRUE,,https://www.reddit.com/r/botwatch/comments/1wg6f6/bot_list_i_built_a_bot_to_find_other_bots_so_far/cf1nu8p/
StackBot,TRUE,,https://www.reddit.com/r/botwatch/comments/1wg6f6/bot_list_i_built_a_bot_to_find_other_bots_so_far/cf1nu8p/
GooglePlusBot,TRUE,,https://www.reddit.com/r/botwatch/comments/1wg6f6/bot_list_i_built_a_bot_to_find_other_bots_so_far/cf1nu8p/
hit_bot,TRUE,,https://www.reddit.com/r/botwatch/comments/1wg6f6/bot_list_i_built_a_bot_to_find_other_bots_so_far/cf1nu8p/
randnumbot,TRUE,,https://www.reddit.com/r/botwatch/comments/1wg6f6/bot_list_i_built_a_bot_to_find_other_bots_so_far/cf1nu8p/
CAH_BLACK_BOT,TRUE,,https://www.reddit.com/r/botwatch/comments/1wg6f6/bot_list_i_built_a_bot_to_find_other_bots_so_far/cf1nu8p/
CalvinBot,TRUE,,https://www.reddit.com/r/botwatch/comments/1wg6f6/bot_list_i_built_a_bot_to_find_other_bots_so_far/cf1nu8p/
DogeTipStatsBot,TRUE,,https://www.reddit.com/r/botwatch/comments/1wg6f6/bot_list_i_built_a_bot_to_find_other_bots_so_far/cf1nu8p/
autourbanbot,TRUE,,https://www.reddit.com/r/botwatch/comments/1wg6f6/bot_list_i_built_a_bot_to_find_other_bots_so_far/cf1nu8p/
GabenCoinTipBot,TRUE,,https://www.reddit.com/r/botwatch/comments/1wg6f6/bot_list_i_built_a_bot_to_find_other_bots_so_far/cf1nu8p/
Definition_Bot,TRUE,,https://www.reddit.com/r/botwatch/comments/1wg6f6/bot_list_i_built_a_bot_to_find_other_bots_so_far/cf1nu8p/
redditbots,TRUE,,https://www.reddit.com/r/botwatch/comments/1wg6f6/bot_list_i_built_a_bot_to_find_other_bots_so_far/cf1nu8p/
redditreviewbot,TRUE,,https://www.reddit.com/r/botwatch/comments/1wg6f6/bot_list_i_built_a_bot_to_find_other_bots_so_far/cf1nu8p/
bot,TRUE,,https://www.reddit.com/r/botwatch/comments/1wg6f6/bot_list_i_built_a_bot_to_find_other_bots_so_far/cf1nu8p/
autowikibot,TRUE,,https://www.reddit.com/r/botwatch/comments/1wg6f6/bot_list_i_built_a_bot_to_find_other_bots_so_far/cf1nu8p/
golferbot,TRUE,,https://www.reddit.com/r/botwatch/comments/1wg6f6/bot_list_i_built_a_bot_to_find_other_bots_so_far/cf1nu8p/
topredditbot,TRUE,,https://www.reddit.com/r/botwatch/comments/1wg6f6/bot_list_i_built_a_bot_to_find_other_bots_so_far/cf1nu8p/
c5bot,TRUE,,https://www.reddit.com/r/botwatch/comments/1wg6f6/bot_list_i_built_a_bot_to_find_other_bots_so_far/cf1nu8p/
jerkbot-3hunna,TRUE,,https://www.reddit.com/r/botwatch/comments/1wg6f6/bot_list_i_built_a_bot_to_find_other_bots_so_far/cf1nu8p/
gracefulclaritybot,TRUE,,https://www.reddit.com/r/botwatch/comments/1wg6f6/bot_list_i_built_a_bot_to_find_other_bots_so_far/cf1nu8p/
valkyribot,TRUE,,https://www.reddit.com/r/botwatch/comments/1wg6f6/bot_list_i_built_a_bot_to_find_other_bots_so_far/cf1nu8p/
gracefulcharitybot,TRUE,,https://www.reddit.com/r/botwatch/comments/1wg6f6/bot_list_i_built_a_bot_to_find_other_bots_so_far/cf1nu8p/
ddlbot,TRUE,,https://www.reddit.com/r/botwatch/comments/1wg6f6/bot_list_i_built_a_bot_to_find_other_bots_so_far/cf1nu8p/
NoSobStoryBot2,TRUE,,https://www.reddit.com/r/botwatch/comments/1wg6f6/bot_list_i_built_a_bot_to_find_other_bots_so_far/cf1nu8p/
bitofnewsbot,TRUE,,https://www.reddit.com/r/botwatch/comments/1wg6f6/bot_list_i_built_a_bot_to_find_other_bots_so_far/cf1nu8p/
conspirobot,TRUE,,https://www.reddit.com/r/botwatch/comments/1wg6f6/bot_list_i_built_a_bot_to_find_other_bots_so_far/cf1nu8p/
tipmoonbot1,TRUE,,https://www.reddit.com/r/botwatch/comments/1wg6f6/bot_list_i_built_a_bot_to_find_other_bots_so_far/cf1nu8p/
d3posterbot,TRUE,,https://www.reddit.com/r/botwatch/comments/1wg6f6/bot_list_i_built_a_bot_to_find_other_bots_so_far/cf1nu8p/
serendipitybot,TRUE,,https://www.reddit.com/r/botwatch/comments/1wg6f6/bot_list_i_built_a_bot_to_find_other_bots_so_far/cf1nu8p/
gabentipbot,TRUE,,https://www.reddit.com/r/botwatch/comments/1wg6f6/bot_list_i_built_a_bot_to_find_other_bots_so_far/cf1nu8p/
givesafuckbot,TRUE,,https://www.reddit.com/r/botwatch/comments/1wg6f6/bot_list_i_built_a_bot_to_find_other_bots_so_far/cf1nu8p/
SakuraiBot_test,TRUE,,https://www.reddit.com/r/botwatch/comments/1wg6f6/bot_list_i_built_a_bot_to_find_other_bots_so_far/cf1nu8p/
ttumblrbots,TRUE,,https://www.reddit.com/r/botwatch/comments/1wg6f6/bot_list_i_built_a_bot_to_find_other_bots_so_far/cf1nu8p/
haiku_robot,TRUE,,https://www.reddit.com/r/botwatch/comments/1wg6f6/bot_list_i_built_a_bot_to_find_other_bots_so_far/cf1nu8p/
tipmoonbot2,TRUE,,https://www.reddit.com/r/botwatch/comments/1wg6f6/bot_list_i_built_a_bot_to_find_other_bots_so_far/cf1nu8p/
